climate,policy,country,crop,delta_share_median,delta_lo,delta_hi,base_share_median
baseline,both,Ethiopia,maize,0.03473113849759102,0.03404286876320839,0.035624533891677856,0.1280706413090229
baseline,both,Ethiopia,tree_crops,-0.08918920950964093,-0.09025883115828037,-0.08800583146512508,0.333287063986063
baseline,both,Ethiopia,tubers,-0.016184081439860165,-0.016572555643506348,-0.0157291250070557,0.06516734918113798
baseline,both,Ethiopia,legumes,0.02340067969635129,0.02268237341195345,0.02390962652862072,0.08825611649081111
baseline,both,Ethiopia,sorghum_millet,0.03196996822953224,0.03112509474158287,0.03260868042707443,0.1144692674279213
baseline,both,Ethiopia,teff,-0.011105558834969997,-0.011546624824404716,-0.010627320036292076,0.07900177966803312
baseline,both,Ethiopia,other,0.008488894673064351,0.008045252645388246,0.009019901743158698,0.09550956659950316
baseline,both,Ethiopia,rice,-0.0004755632544402033,-0.0005336760659702122,-0.0004198395472485572,0.0023708831577096134
baseline,both,Ethiopia,wheat_barley,0.018329039216041565,0.01781156100332737,0.01883840188384056,0.09380923304706812
baseline,both,Malawi,maize,-0.02651248872280121,-0.029026225209236145,-0.024289533495903015,0.6459575667977333
baseline,both,Malawi,tree_crops,0.0009458847343921661,0.0004393085837364197,0.0014233142137527466,0.07890075817704201
baseline,both,Malawi,tubers,-0.0007090800208970904,-0.000870376592501998,-0.0005776815232820809,0.019391698064282537
baseline,both,Malawi,legumes,0.02834811806678772,0.02640715055167675,0.03042597696185112,0.17109413258731365
baseline,both,Malawi,sorghum_millet,0.010496284579858184,0.009071624837815762,0.012037976179271936,0.015398052288219333
baseline,both,Malawi,teff,0.0,0.0,0.0,0.0
baseline,both,Malawi,other,-0.012378743384033442,-0.013268612325191498,-0.011541413143277168,0.06759434193372726
baseline,both,Malawi,rice,-0.0002967792097479105,-0.00038836232852190733,-0.00020182179287075996,0.0016708573675714433
baseline,both,Malawi,wheat_barley,0.0,0.0,0.0,0.0
baseline,both,Mali,maize,-0.0015928559005260468,-0.003032926470041275,-0.0004556626081466675,0.15205582976341248
baseline,both,Mali,tree_crops,-0.03139307314995676,-0.03332831873558462,-0.030130218248814344,0.18448114464990795
baseline,both,Mali,tubers,-0.0012023154995404184,-0.0014070870238356292,-0.0009384310687892139,0.006133521150331944
baseline,both,Mali,legumes,0.027277493616566062,0.024281149031594396,0.02976763970218599,0.050885338918305933
baseline,both,Mali,sorghum_millet,0.049861542880535126,0.04777861386537552,0.0525890588760376,0.4340849369764328
baseline,both,Mali,teff,0.0,0.0,0.0,0.0
baseline,both,Mali,other,-0.011549266055226326,-0.012183825485408306,-0.010611915029585361,0.05913722142577171
baseline,both,Mali,rice,-0.031380265951156616,-0.032497141510248184,-0.03026837483048439,0.11286686919629574
baseline,both,Mali,wheat_barley,0.0,0.0,0.0,0.0
baseline,both,Nigeria,maize,0.04537097178399563,0.04423029348254204,0.04643494635820389,0.16255632415413857
baseline,both,Nigeria,tree_crops,-0.011511801450978965,-0.011966646765358746,-0.01097881025634706,0.04676481056958437
baseline,both,Nigeria,tubers,-0.10520183388143778,-0.10685210675001144,-0.10393459536135197,0.3071940317749977
baseline,both,Nigeria,legumes,0.015506339259445667,0.014727367088198662,0.0162830650806427,0.13231385126709938
baseline,both,Nigeria,sorghum_millet,0.06985455751419067,0.06839342415332794,0.07105506956577301,0.2525235004723072
baseline,both,Nigeria,teff,0.0,0.0,0.0,0.0
baseline,both,Nigeria,other,-0.0014411676675081253,-0.0017992835491895676,-0.001058745663613081,0.05310905305668712
baseline,both,Nigeria,rice,-0.012467278633266687,-0.012995765544474125,-0.01197122409939766,0.04558158293366432
baseline,both,Nigeria,wheat_barley,1.89038401003927e-05,8.77316779224202e-06,2.9407121473923326e-05,0.00016407448129029945
baseline,both,Tanzania,maize,0.049782443791627884,0.04814642667770386,0.051611751317977905,0.29091310128569603
baseline,both,Tanzania,tree_crops,-0.012109239120036364,-0.012798475567251444,-0.011441408656537533,0.053043418331071734
baseline,both,Tanzania,tubers,-0.0015269609866663814,-0.002028333954513073,-0.0010727723129093647,0.10385755798779428
baseline,both,Tanzania,legumes,0.03286190202925354,0.031225974205881357,0.03451343602500856,0.09253345604520291
baseline,both,Tanzania,sorghum_millet,0.013450299855321646,0.012234196532517672,0.01494172029197216,0.025377202546223998
baseline,both,Tanzania,teff,0.0,0.0,0.0,0.0
baseline,both,Tanzania,other,-0.07363401027396321,-0.07588296756148338,-0.07068528886884451,0.37787464912980795
baseline,both,Tanzania,rice,-0.009073347318917513,-0.009924821555614471,-0.008356946520507336,0.055247485637664795
baseline,both,Tanzania,wheat_barley,0.00023213675012812018,0.00014773092698305845,0.0003179542254656553,0.0013386090286076069
baseline,both,Uganda,maize,0.004187440499663353,0.003962129354476929,0.004449710249900818,0.12411375343799591
baseline,both,Uganda,tree_crops,-0.06236406846437603,-0.06315683480352163,-0.06166101968847215,0.35854902560822666
baseline,both,Uganda,tubers,0.02665796788642183,0.026203632121905684,0.02712086890824139,0.18371026747627184
baseline,both,Uganda,legumes,0.025800346862524748,0.025296146399341524,0.026311970315873623,0.2239737471099943
baseline,both,Uganda,sorghum_millet,0.016515957657247782,0.016057470813393593,0.017078330740332603,0.04888562299311161
baseline,both,Uganda,teff,0.0,0.0,0.0,0.0
baseline,both,Uganda,other,-0.009950545383617282,-0.010236457455903292,-0.009634767891839147,0.052016420755535364
baseline,both,Uganda,rice,-0.0008917051600292325,-0.0009446768090128899,-0.0008157431147992611,0.008711627568118274
baseline,both,Uganda,wheat_barley,0.0,0.0,0.0,0.0
baseline,contraction,Ethiopia,maize,0.014688119292259216,0.014344394207000732,0.015048667788505554,0.1280706413090229
baseline,contraction,Ethiopia,tree_crops,-0.06940096337348223,-0.07055959664285183,-0.067957803606987,0.333287063986063
baseline,contraction,Ethiopia,tubers,-0.0022666669683530927,-0.0024197751190513372,-0.0020990530028939247,0.06516734918113798
baseline,contraction,Ethiopia,legumes,0.008986501954495907,0.008775608614087105,0.0092172771692276,0.08825611649081111
baseline,contraction,Ethiopia,sorghum_millet,0.0189060065895319,0.018270153552293777,0.019388895481824875,0.1144692674279213
baseline,contraction,Ethiopia,teff,0.0172886960208416,0.016886090859770775,0.017809389159083366,0.07900177966803312
baseline,contraction,Ethiopia,other,-0.00328558380715549,-0.003431609831750393,-0.0030865720473229885,0.09550956659950316
baseline,contraction,Ethiopia,rice,0.00018845099839381874,0.00016475142911076546,0.00020996754756197333,0.0023708831577096134
baseline,contraction,Ethiopia,wheat_barley,0.014829779975116253,0.0144135020673275,0.015327956527471542,0.09380923304706812
baseline,contraction,Malawi,maize,-0.018614977598190308,-0.02034011483192444,-0.017283186316490173,0.6459575667977333
baseline,contraction,Malawi,tree_crops,-0.0038337744772434235,-0.004245944321155548,-0.003393024206161499,0.07890075817704201
baseline,contraction,Malawi,tubers,-0.0006500896997749805,-0.0007307297782972455,-0.0005708445096388459,0.019391698064282537
baseline,contraction,Malawi,legumes,0.028266380541026592,0.025884835049510002,0.030547278001904488,0.17109413258731365
baseline,contraction,Malawi,sorghum_millet,0.002611509757116437,0.002226545475423336,0.002922148909419775,0.015398052288219333
baseline,contraction,Malawi,teff,0.0,0.0,0.0,0.0
baseline,contraction,Malawi,other,-0.007735901046544313,-0.00850795116275549,-0.007023211568593979,0.06759434193372726
baseline,contraction,Malawi,rice,-5.079375114291906e-06,-1.0089483112096786e-05,-1.0727671906352043e-06,0.0016708573675714433
baseline,contraction,Malawi,wheat_barley,0.0,0.0,0.0,0.0
baseline,contraction,Mali,maize,0.004490843042731285,0.00403725728392601,0.0050028786063194275,0.15205582976341248
baseline,contraction,Mali,tree_crops,0.0023695388808846474,0.0021942961029708385,0.002504139207303524,0.18448114464990795
baseline,contraction,Mali,tubers,-0.000641927617834881,-0.0008086813031695783,-0.0004968123394064605,0.006133521150331944
baseline,contraction,Mali,legumes,-0.007336783222854137,-0.008314397651702166,-0.0065798230934888124,0.050885338918305933
baseline,contraction,Mali,sorghum_millet,0.003136254847049713,0.0022052377462387085,0.0046793073415756226,0.4340849369764328
baseline,contraction,Mali,teff,0.0,0.0,0.0,0.0
baseline,contraction,Mali,other,-0.0005152705125510693,-0.0014877626672387123,9.737443178892136e-05,0.05913722142577171
baseline,contraction,Mali,rice,-0.0014604199677705765,-0.0016379691660404205,-0.0012635961174964905,0.11286686919629574
baseline,contraction,Mali,wheat_barley,0.0,0.0,0.0,0.0
baseline,contraction,Nigeria,maize,0.01724657230079174,0.016637366265058517,0.017966262996196747,0.16255632415413857
baseline,contraction,Nigeria,tree_crops,-0.009452601545490324,-0.009945086436346173,-0.008928911993280053,0.04676481056958437
baseline,contraction,Nigeria,tubers,-0.056888449005782604,-0.05869298242032528,-0.05493136867880821,0.3071940317749977
baseline,contraction,Nigeria,legumes,0.01906727347522974,0.018212154507637024,0.019667331129312515,0.13231385126709938
baseline,contraction,Nigeria,sorghum_millet,0.03143681213259697,0.030269935727119446,0.032645151019096375,0.2525235004723072
baseline,contraction,Nigeria,teff,0.0,0.0,0.0,0.0
baseline,contraction,Nigeria,other,-0.0008057490922510624,-0.0009690448641777039,-0.0006369017064571381,0.05310905305668712
baseline,contraction,Nigeria,rice,-0.000504298135638237,-0.0006017247214913368,-0.0004115374758839607,0.04558158293366432
baseline,contraction,Nigeria,wheat_barley,1.762520696502179e-05,8.055743819568306e-06,2.783254603855312e-05,0.00016407448129029945
baseline,contraction,Tanzania,maize,0.05136357620358467,0.049541257321834564,0.05351509153842926,0.29091310128569603
baseline,contraction,Tanzania,tree_crops,-0.010995124815963209,-0.011712666833773255,-0.010404115077108145,0.053043418331071734
baseline,contraction,Tanzania,tubers,0.0007274799281731248,0.00043397792614996433,0.0010693769436329603,0.10385755798779428
baseline,contraction,Tanzania,legumes,0.03208517958410084,0.030499306274577975,0.03364107105880976,0.09253345604520291
baseline,contraction,Tanzania,sorghum_millet,0.011029950343072414,0.010092373937368393,0.012136941775679588,0.025377202546223998
baseline,contraction,Tanzania,teff,0.0,0.0,0.0,0.0
baseline,contraction,Tanzania,other,-0.09548429027199745,-0.09891298040747643,-0.09252130053937435,0.37787464912980795
baseline,contraction,Tanzania,rice,0.010578188113868237,0.009926693513989449,0.011422859504818916,0.055247485637664795
baseline,contraction,Tanzania,wheat_barley,0.0007409495301544666,0.0005078053218312562,0.0010491693392395973,0.0013386090286076069
baseline,contraction,Uganda,maize,0.01847149431705475,0.01808968186378479,0.019017618149518967,0.12411375343799591
baseline,contraction,Uganda,tree_crops,-0.07408307434525341,-0.07559940521605313,-0.07226543594151735,0.35854902560822666
baseline,contraction,Uganda,tubers,0.018434711266309023,0.017857310362160206,0.018983881920576096,0.18371026747627184
baseline,contraction,Uganda,legumes,0.039731930126436055,0.03864694316871464,0.040612939512357116,0.2239737471099943
baseline,contraction,Uganda,sorghum_millet,0.007989802397787571,0.007670405320823193,0.008281238377094269,0.04888562299311161
baseline,contraction,Uganda,teff,0.0,0.0,0.0,0.0
baseline,contraction,Uganda,other,-0.011961034266278148,-0.012357523199170828,-0.01150476885959506,0.052016420755535364
baseline,contraction,Uganda,rice,0.0013497509062290192,0.0012344599235802889,0.0014888201840221882,0.008711627568118274
baseline,contraction,Uganda,wheat_barley,0.0,0.0,0.0,0.0
baseline,insurance,Ethiopia,maize,0.029208125546574593,0.0286397747695446,0.029980015009641647,0.1280706413090229
baseline,insurance,Ethiopia,tree_crops,-0.07623487524688244,-0.07712844759225845,-0.07510205917060375,0.333287063986063
baseline,insurance,Ethiopia,tubers,-0.013219429994933307,-0.013548382092267275,-0.012856557033956051,0.06516734918113798
baseline,insurance,Ethiopia,legumes,0.019597629085183144,0.019032206386327744,0.020070414058864117,0.08825611649081111
baseline,insurance,Ethiopia,sorghum_millet,0.027466876432299614,0.026724476367235184,0.028032027184963226,0.1144692674279213
baseline,insurance,Ethiopia,teff,-0.008578497916460037,-0.008958522230386734,-0.008138339966535568,0.07900177966803312
baseline,insurance,Ethiopia,other,0.006136900163255632,0.00576625345274806,0.006575278704985976,0.09550956659950316
baseline,insurance,Ethiopia,rice,-0.000378906523110345,-0.0004257950931787491,-0.0003349427133798599,0.0023708831577096134
baseline,insurance,Ethiopia,wheat_barley,0.016002463176846504,0.015536943450570107,0.016412403434515,0.09380923304706812
baseline,insurance,Malawi,maize,-0.022109560668468475,-0.024045005440711975,-0.02016673982143402,0.6459575667977333
baseline,insurance,Malawi,tree_crops,0.00031374022364616394,-0.00015397369861602783,0.0006960779428482056,0.07890075817704201
baseline,insurance,Malawi,tubers,-0.0006366637535393238,-0.0007635882357135415,-0.0005187152419239283,0.019391698064282537
baseline,insurance,Malawi,legumes,0.02509897667914629,0.02340107224881649,0.026920275762677193,0.17109413258731365
baseline,insurance,Malawi,sorghum_millet,0.008403055602684617,0.0072644976899027824,0.009638690389692783,0.015398052288219333
baseline,insurance,Malawi,teff,0.0,0.0,0.0,0.0
baseline,insurance,Malawi,other,-0.010907786898314953,-0.01168907806277275,-0.010160308331251144,0.06759434193372726
baseline,insurance,Malawi,rice,-0.00023887510178610682,-0.0003132706042379141,-0.00016132218297570944,0.0016708573675714433
baseline,insurance,Malawi,wheat_barley,0.0,0.0,0.0,0.0
baseline,insurance,Mali,maize,-0.0005127359181642532,-0.001757010817527771,0.00048689544200897217,0.15205582976341248
baseline,insurance,Mali,tree_crops,-0.02622376848012209,-0.027874989435076714,-0.025105972308665514,0.18448114464990795
baseline,insurance,Mali,tubers,-0.0011009115260094404,-0.0012941872118972242,-0.0008822706586215645,0.006133521150331944
baseline,insurance,Mali,legumes,0.020199546474032104,0.01772899040952325,0.022109959041699767,0.050885338918305933
baseline,insurance,Mali,sorghum_millet,0.04562574252486229,0.04370603710412979,0.047976054251194,0.4340849369764328
baseline,insurance,Mali,teff,0.0,0.0,0.0,0.0
baseline,insurance,Mali,other,-0.01016211323440075,-0.010863800533115864,-0.00945680495351553,0.05913722142577171
baseline,insurance,Mali,rice,-0.02781991846859455,-0.028813477605581284,-0.02682773396372795,0.11286686919629574
baseline,insurance,Mali,wheat_barley,0.0,0.0,0.0,0.0
baseline,insurance,Nigeria,maize,0.04245423339307308,0.04141527786850929,0.04348161444067955,0.16255632415413857
baseline,insurance,Nigeria,tree_crops,-0.010725239524617791,-0.011146542150527239,-0.010242227464914322,0.04676481056958437
baseline,insurance,Nigeria,tubers,-0.09509974252432585,-0.09661246463656425,-0.09382342547178268,0.3071940317749977
baseline,insurance,Nigeria,legumes,0.015250273048877716,0.01454358734190464,0.01589633710682392,0.13231385126709938
baseline,insurance,Nigeria,sorghum_millet,0.06077161803841591,0.059527792036533356,0.06188622862100601,0.2525235004723072
baseline,insurance,Nigeria,teff,0.0,0.0,0.0,0.0
baseline,insurance,Nigeria,other,-0.0014999015256762505,-0.0018162420019507408,-0.0011792676523327827,0.05310905305668712
baseline,insurance,Nigeria,rice,-0.011072458699345589,-0.01153593324124813,-0.010627415031194687,0.04558158293366432
baseline,insurance,Nigeria,wheat_barley,1.9204671843908727e-05,8.61960870679468e-06,2.948290784843266e-05,0.00016407448129029945
baseline,insurance,Tanzania,maize,0.045606665313243866,0.044028446078300476,0.04712005704641342,0.29091310128569603
baseline,insurance,Tanzania,tree_crops,-0.010509377636481076,-0.011207159841433167,-0.010027173673734069,0.053043418331071734
baseline,insurance,Tanzania,tubers,-0.0008598215645179152,-0.0012986985966563225,-0.000496832886710763,0.10385755798779428
baseline,insurance,Tanzania,legumes,0.028942365082912147,0.027518786024302244,0.030396627262234688,0.09253345604520291
baseline,insurance,Tanzania,sorghum_millet,0.01129581918939948,0.010143132414668798,0.012395017314702272,0.025377202546223998
baseline,insurance,Tanzania,teff,0.0,0.0,0.0,0.0
baseline,insurance,Tanzania,other,-0.06805231887847185,-0.0703844465315342,-0.06562555488198996,0.37787464912980795
baseline,insurance,Tanzania,rice,-0.0066336942836642265,-0.007405277341604233,-0.005981037393212318,0.055247485637664795
baseline,insurance,Tanzania,wheat_barley,0.0002451320178806782,0.00015684484969824553,0.0003383492585271597,0.0013386090286076069
baseline,insurance,Uganda,maize,0.0023952648043632507,0.002225395292043686,0.002618052065372467,0.12411375343799591
baseline,insurance,Uganda,tree_crops,-0.047261712490580976,-0.04780258750542998,-0.04676485504023731,0.35854902560822666
baseline,insurance,Uganda,tubers,0.021567337738815695,0.0212176680797711,0.021936405450105667,0.18371026747627184
baseline,insurance,Uganda,legumes,0.020419996930286288,0.02000520587898791,0.020796445664018393,0.2239737471099943
baseline,insurance,Uganda,sorghum_millet,0.011797207407653332,0.01146818045526743,0.012214386835694313,0.04888562299311161
baseline,insurance,Uganda,teff,0.0,0.0,0.0,0.0
baseline,insurance,Uganda,other,-0.008471397450193763,-0.008721880614757538,-0.008202521596103907,0.052016420755535364
baseline,insurance,Uganda,rice,-0.00047763774637132883,-0.0005090748891234398,-0.0004312435630708933,0.008711627568118274
baseline,insurance,Uganda,wheat_barley,0.0,0.0,0.0,0.0
baseline,safety_net,Ethiopia,maize,0.03827730379998684,0.03750927373766899,0.039230767637491226,0.1280706413090229
baseline,safety_net,Ethiopia,tree_crops,-0.09855327801778913,-0.09958606120198965,-0.09714049100875854,0.333287063986063
baseline,safety_net,Ethiopia,tubers,-0.018294626148417592,-0.018739397637546062,-0.01779981830623001,0.06516734918113798
baseline,safety_net,Ethiopia,legumes,0.02600471582263708,0.025275946594774723,0.026604709215462208,0.08825611649081111
baseline,safety_net,Ethiopia,sorghum_millet,0.03514249809086323,0.0342220738530159,0.03585539013147354,0.1144692674279213
baseline,safety_net,Ethiopia,teff,-0.012195656076073647,-0.012685922905802727,-0.011704223230481148,0.07900177966803312
baseline,safety_net,Ethiopia,other,0.01018700038548559,0.009705109056085348,0.01077329576946795,0.09550956659950316
baseline,safety_net,Ethiopia,rice,-0.0005401362141128629,-0.0006067984504625201,-0.0004763541219290346,0.0023708831577096134
baseline,safety_net,Ethiopia,wheat_barley,0.01993483491241932,0.01936773955821991,0.020480139181017876,0.09380923304706812
baseline,safety_net,Malawi,maize,-0.030020959675312042,-0.032771870493888855,-0.027508169412612915,0.6459575667977333
baseline,safety_net,Malawi,tree_crops,0.0012745149433612823,0.0007435604929924011,0.0017696619033813477,0.07890075817704201
baseline,safety_net,Malawi,tubers,-0.0006799609982408583,-0.0008612374076619744,-0.000545196293387562,0.019391698064282537
baseline,safety_net,Malawi,legumes,0.03180573042482138,0.029667777940630913,0.0341898649930954,0.17109413258731365
baseline,safety_net,Malawi,sorghum_millet,0.011194726219400764,0.009595566894859076,0.012746269349008799,0.015398052288219333
baseline,safety_net,Malawi,teff,0.0,0.0,0.0,0.0
baseline,safety_net,Malawi,other,-0.013388906139880419,-0.014386527240276337,-0.012486816383898258,0.06759434193372726
baseline,safety_net,Malawi,rice,-0.00032700225710868835,-0.00042829837184399366,-0.0002218039589934051,0.0016708573675714433
baseline,safety_net,Malawi,wheat_barley,0.0,0.0,0.0,0.0
baseline,safety_net,Mali,maize,-0.002728545106947422,-0.004357967525720596,-0.0014567486941814423,0.15205582976341248
baseline,safety_net,Mali,tree_crops,-0.03421808697748929,-0.03631914034485817,-0.032832873752340674,0.18448114464990795
baseline,safety_net,Mali,tubers,-0.0013069203996565193,-0.0015310670714825392,-0.001005267957225442,0.006133521150331944
baseline,safety_net,Mali,legumes,0.03263007220812142,0.029319634661078453,0.03563350369222462,0.050885338918305933
baseline,safety_net,Mali,sorghum_millet,0.055122945457696915,0.05262356996536255,0.05820639431476593,0.4340849369764328
baseline,safety_net,Mali,teff,0.0,0.0,0.0,0.0
baseline,safety_net,Mali,other,-0.01368167856708169,-0.014478815719485283,-0.012656640261411667,0.05913722142577171
baseline,safety_net,Mali,rice,-0.03575117792934179,-0.03700793720781803,-0.034507930278778076,0.11286686919629574
baseline,safety_net,Mali,wheat_barley,0.0,0.0,0.0,0.0
baseline,safety_net,Nigeria,maize,0.04388391226530075,0.04281071946024895,0.04511341452598572,0.16255632415413857
baseline,safety_net,Nigeria,tree_crops,-0.01217243290739134,-0.012675706413574517,-0.011590171721763909,0.04676481056958437
baseline,safety_net,Nigeria,tubers,-0.11466262210160494,-0.11642871983349323,-0.11327145621180534,0.3071940317749977
baseline,safety_net,Nigeria,legumes,0.017864667810499668,0.016994547098875046,0.01871519163250923,0.13231385126709938
baseline,safety_net,Nigeria,sorghum_millet,0.08041912317276001,0.07876323163509369,0.08178304880857468,0.2525235004723072
baseline,safety_net,Nigeria,teff,0.0,0.0,0.0,0.0
baseline,safety_net,Nigeria,other,-0.0013274201191961765,-0.0017158305272459984,-0.0008964277803897858,0.05310905305668712
baseline,safety_net,Nigeria,rice,-0.013832247350364923,-0.014440641738474369,-0.013302191160619259,0.04558158293366432
baseline,safety_net,Nigeria,wheat_barley,1.8886079487856477e-05,8.902919944375753e-06,2.9471906600520015e-05,0.00016407448129029945
baseline,safety_net,Tanzania,maize,0.05358641967177391,0.05183194577693939,0.05563396215438843,0.29091310128569603
baseline,safety_net,Tanzania,tree_crops,-0.013456590182613581,-0.014304073643870652,-0.012774665257893503,0.053043418331071734
baseline,safety_net,Tanzania,tubers,-0.0016869392711669207,-0.002276935148984194,-0.0011526407906785607,0.10385755798779428
baseline,safety_net,Tanzania,legumes,0.03716594888828695,0.03529881429858506,0.03906522854231298,0.09253345604520291
baseline,safety_net,Tanzania,sorghum_millet,0.015632743015885353,0.014215941075235605,0.01740940473973751,0.025377202546223998
baseline,safety_net,Tanzania,teff,0.0,0.0,0.0,0.0
baseline,safety_net,Tanzania,other,-0.08006325177848339,-0.08284058328717947,-0.07715971767902374,0.37787464912980795
baseline,safety_net,Tanzania,rice,-0.011366407852619886,-0.012382404878735542,-0.010628636926412582,0.055247485637664795
baseline,safety_net,Tanzania,wheat_barley,0.00024681934155523777,0.00015491177327930927,0.0003370388876646757,0.0013386090286076069
baseline,safety_net,Uganda,maize,0.006596265360713005,0.006296403706073761,0.006889663636684418,0.12411375343799591
baseline,safety_net,Uganda,tree_crops,-0.07347235339693725,-0.07448523817583919,-0.07258184044621885,0.35854902560822666
baseline,safety_net,Uganda,tubers,0.028579217207152396,0.028107205173000693,0.029134538141079247,0.18371026747627184
baseline,safety_net,Uganda,legumes,0.03176367224659771,0.03115392616018653,0.0323704038746655,0.2239737471099943
baseline,safety_net,Uganda,sorghum_millet,0.018881316296756268,0.018297008238732815,0.019438486546278,0.04888562299311161
baseline,safety_net,Uganda,teff,0.0,0.0,0.0,0.0
baseline,safety_net,Uganda,other,-0.011072002816945314,-0.01138432277366519,-0.010711597977206111,0.052016420755535364
baseline,safety_net,Uganda,rice,-0.0013197112130001187,-0.001404251903295517,-0.0012162972707301378,0.008711627568118274
baseline,safety_net,Uganda,wheat_barley,0.0,0.0,0.0,0.0
baseline,transfer,Ethiopia,maize,0.015365881845355034,0.015026714652776718,0.015679005533456802,0.1280706413090229
baseline,transfer,Ethiopia,tree_crops,-0.04607682395726442,-0.046671947464346886,-0.045475155115127563,0.333287063986063
baseline,transfer,Ethiopia,tubers,-0.006511190673336387,-0.006677029421553016,-0.006337321829050779,0.06516734918113798
baseline,transfer,Ethiopia,legumes,0.009524408727884293,0.009278547950088978,0.009763496927917004,0.08825611649081111
baseline,transfer,Ethiopia,sorghum_millet,0.015837300568819046,0.015475235879421234,0.0161827951669693,0.1144692674279213
baseline,transfer,Ethiopia,teff,0.00042833760380744934,0.0002160724252462387,0.0006255190819501877,0.07900177966803312
baseline,transfer,Ethiopia,other,0.0015560057945549488,0.0013910168781876564,0.00173240527510643,0.09550956659950316
baseline,transfer,Ethiopia,rice,-0.00011824464309029281,-0.0001329875667579472,-0.00010169076267629862,0.0023708831577096134
baseline,transfer,Ethiopia,wheat_barley,0.0100087970495224,0.009714549407362938,0.010214738547801971,0.09380923304706812
baseline,transfer,Malawi,maize,-0.009811297059059143,-0.010701388120651245,-0.009187087416648865,0.6459575667977333
baseline,transfer,Malawi,tree_crops,-0.0012849383056163788,-0.0014676004648208618,-0.0010576918721199036,0.07890075817704201
baseline,transfer,Malawi,tubers,-0.00030587619403377175,-0.000352680217474699,-0.00026768259704113007,0.019391698064282537
baseline,transfer,Malawi,legumes,0.014530466869473457,0.013510633260011673,0.015549270436167717,0.17109413258731365
baseline,transfer,Malawi,sorghum_millet,0.0026872463058680296,0.002332561183720827,0.003032650798559189,0.015398052288219333
baseline,transfer,Malawi,teff,0.0,0.0,0.0,0.0
baseline,transfer,Malawi,other,-0.005805828142911196,-0.006289547309279442,-0.005342371761798859,0.06759434193372726
baseline,transfer,Malawi,rice,-4.780018934980035e-05,-6.34987372905016e-05,-2.9561691917479038e-05,0.0016708573675714433
baseline,transfer,Malawi,wheat_barley,0.0,0.0,0.0,0.0
baseline,transfer,Mali,maize,0.001775503158569336,0.00123528391122818,0.0023028552532196045,0.15205582976341248
baseline,transfer,Mali,tree_crops,-0.00721031310968101,-0.007770167198032141,-0.006658828817307949,0.18448114464990795
baseline,transfer,Mali,tubers,-0.0007407570956274867,-0.000855298014357686,-0.0005957270041108131,0.006133521150331944
baseline,transfer,Mali,legumes,0.0038564554415643215,0.0030379074160009623,0.004617986967787147,0.050885338918305933
baseline,transfer,Mali,sorghum_millet,0.026548966765403748,0.02532993257045746,0.027554169297218323,0.4340849369764328
baseline,transfer,Mali,teff,0.0,0.0,0.0,0.0
baseline,transfer,Mali,other,-0.00818056846037507,-0.008576622232794762,-0.007462101988494396,0.05913722142577171
baseline,transfer,Mali,rice,-0.016039473935961723,-0.016632258892059326,-0.015570854768157005,0.11286686919629574
baseline,transfer,Mali,wheat_barley,0.0,0.0,0.0,0.0
baseline,transfer,Nigeria,maize,0.024851901456713676,0.024331234395503998,0.02567853033542633,0.16255632415413857
baseline,transfer,Nigeria,tree_crops,-0.007958763977512717,-0.008262643590569496,-0.007558864541351795,0.04676481056958437
baseline,transfer,Nigeria,tubers,-0.06658800970762968,-0.06754399836063385,-0.06537906639277935,0.3071940317749977
baseline,transfer,Nigeria,legumes,0.016065659001469612,0.015611231327056885,0.016553593799471855,0.13231385126709938
baseline,transfer,Nigeria,sorghum_millet,0.04129135608673096,0.040528714656829834,0.042134858667850494,0.2525235004723072
baseline,transfer,Nigeria,teff,0.0,0.0,0.0,0.0
baseline,transfer,Nigeria,other,-0.0010529966093599796,-0.0012520011514425278,-0.0009148139506578445,0.05310905305668712
baseline,transfer,Nigeria,rice,-0.006606799550354481,-0.00690041109919548,-0.006342701613903046,0.04558158293366432
baseline,transfer,Nigeria,wheat_barley,1.8540260498411953e-05,8.465904102195054e-06,2.8688518796116114e-05,0.00016407448129029945
baseline,transfer,Tanzania,maize,0.02915002778172493,0.028159767389297485,0.030166007578372955,0.29091310128569603
baseline,transfer,Tanzania,tree_crops,-0.005597395356744528,-0.005977060296572745,-0.0053429813124239445,0.053043418331071734
baseline,transfer,Tanzania,tubers,0.0015579286264255643,0.001420091139152646,0.001730332849547267,0.10385755798779428
baseline,transfer,Tanzania,legumes,0.016287547070533037,0.015527069568634033,0.017023706575855613,0.09253345604520291
baseline,transfer,Tanzania,sorghum_millet,0.005638399161398411,0.005190328229218721,0.006213704124093056,0.025377202546223998
baseline,transfer,Tanzania,teff,0.0,0.0,0.0,0.0
baseline,transfer,Tanzania,other,-0.04705160576850176,-0.04860901925712824,-0.04577634762972593,0.37787464912980795
baseline,transfer,Tanzania,rice,-0.00021053478121757507,-0.0006133485585451126,0.0002377815544605255,0.055247485637664795
baseline,transfer,Tanzania,wheat_barley,0.0002560092252679169,0.00017392134759575129,0.0003633755259215832,0.0013386090286076069
baseline,transfer,Uganda,maize,0.005997350439429283,0.005851514637470245,0.006163794547319412,0.12411375343799591
baseline,transfer,Uganda,tree_crops,-0.04142040456645191,-0.0418928365688771,-0.040798029163852334,0.35854902560822666
baseline,transfer,Uganda,tubers,0.015043743536807597,0.01478945929557085,0.0153175531886518,0.18371026747627184
baseline,transfer,Uganda,legumes,0.022168740979395807,0.021736361552029848,0.022591332672163844,0.2239737471099943
baseline,transfer,Uganda,sorghum_millet,0.00657325703650713,0.006387418136000633,0.0067756567150354385,0.04888562299311161
baseline,transfer,Uganda,teff,0.0,0.0,0.0,0.0
baseline,transfer,Uganda,other,-0.007777572958730161,-0.007979017915204167,-0.007494434947147965,0.052016420755535364
baseline,transfer,Uganda,rice,-0.0006326853763312101,-0.0006813057698309422,-0.0005862112157046795,0.008711627568118274
baseline,transfer,Uganda,wheat_barley,0.0,0.0,0.0,0.0
ssp245,both,Ethiopia,maize,0.03817396052181721,0.03730292245745659,0.03922481834888458,0.1280706413090229
ssp245,both,Ethiopia,tree_crops,-0.08949499018490314,-0.0913472855463624,-0.08835574239492416,0.333287063986063
ssp245,both,Ethiopia,tubers,-0.022121543006505817,-0.022784910397604108,-0.021528286044485867,0.06516734918113798
ssp245,both,Ethiopia,legumes,0.02648713532835245,0.02574784867465496,0.027248126454651356,0.08825611649081111
ssp245,both,Ethiopia,sorghum_millet,0.035199521109461784,0.034080978482961655,0.03594496473670006,0.1144692674279213
ssp245,both,Ethiopia,teff,-0.015777507796883583,-0.016298657283186913,-0.015260633081197739,0.07900177966803312
ssp245,both,Ethiopia,other,0.007518496597185731,0.006997779943048954,0.007984134834259748,0.09550956659950316
ssp245,both,Ethiopia,rice,-0.0007486660324502736,-0.0008340006461367011,-0.0006482051685452461,0.0023708831577096134
ssp245,both,Ethiopia,wheat_barley,0.02092775609344244,0.02027701772749424,0.021591177210211754,0.09380923304706812
ssp245,both,Malawi,maize,-0.03572645038366318,-0.03842034935951233,-0.0325484424829483,0.6459575667977333
ssp245,both,Malawi,tree_crops,0.007717780768871307,0.0065435245633125305,0.008683718740940094,0.07890075817704201
ssp245,both,Malawi,tubers,-3.612670116126537e-05,-0.0002222888870164752,0.00018039974384009838,0.019391698064282537
ssp245,both,Malawi,legumes,0.03238233644515276,0.03026679903268814,0.03491441160440445,0.17109413258731365
ssp245,both,Malawi,sorghum_millet,0.011937426403164864,0.010228489991277456,0.013607470784336329,0.015398052288219333
ssp245,both,Malawi,teff,0.0,0.0,0.0,0.0
ssp245,both,Malawi,other,-0.015872658230364323,-0.01724219135940075,-0.014852030202746391,0.06759434193372726
ssp245,both,Malawi,rice,-0.0005117740947753191,-0.000662320526316762,-0.00034307147143408656,0.0016708573675714433
ssp245,both,Malawi,wheat_barley,0.0,0.0,0.0,0.0
ssp245,both,Mali,maize,-0.000831136479973793,-0.002752808853983879,0.0009836312383413315,0.15205582976341248
ssp245,both,Mali,tree_crops,-0.030488062417134643,-0.03268589172512293,-0.02889802842400968,0.18448114464990795
ssp245,both,Mali,tubers,-0.0010918808984570205,-0.0013177556684240699,-0.0007607518637087196,0.006133521150331944
ssp245,both,Mali,legumes,0.039524280931800604,0.03585716034285724,0.04320926661603153,0.050885338918305933
ssp245,both,Mali,sorghum_millet,0.06025732681155205,0.05737660080194473,0.06364106386899948,0.4340849369764328
ssp245,both,Mali,teff,0.0,0.0,0.0,0.0
ssp245,both,Mali,other,-0.01989950775168836,-0.020991668570786715,-0.018248985055834055,0.05913722142577171
ssp245,both,Mali,rice,-0.0474644978530705,-0.04921322222799063,-0.0457428265362978,0.11286686919629574
ssp245,both,Mali,wheat_barley,0.0,0.0,0.0,0.0
ssp245,both,Nigeria,maize,0.04496033303439617,0.04388118162751198,0.0461050420999527,0.16255632415413857
ssp245,both,Nigeria,tree_crops,-0.01090560742886737,-0.011372506152838469,-0.010395169607363641,0.04676481056958437
ssp245,both,Nigeria,tubers,-0.10043847002089024,-0.10171749629080296,-0.09833716601133347,0.3071940317749977
ssp245,both,Nigeria,legumes,0.012034851126372814,0.011398620903491974,0.012843899428844452,0.13231385126709938
ssp245,both,Nigeria,sorghum_millet,0.07203023135662079,0.07035158574581146,0.07394155859947205,0.2525235004723072
ssp245,both,Nigeria,teff,0.0,0.0,0.0,0.0
ssp245,both,Nigeria,other,-0.0020974043291062117,-0.0024932431988418102,-0.001638172660022974,0.05310905305668712
ssp245,both,Nigeria,rice,-0.015518348664045334,-0.016164795495569706,-0.014884022530168295,0.04558158293366432
ssp245,both,Nigeria,wheat_barley,7.535985787399113e-06,3.6404162528924644e-06,1.1981843272224069e-05,0.00016407448129029945
ssp245,both,Tanzania,maize,0.05055343359708786,0.04838847368955612,0.05235450714826584,0.29091310128569603
ssp245,both,Tanzania,tree_crops,-0.010852661042008549,-0.011489316588267684,-0.010274196858517826,0.053043418331071734
ssp245,both,Tanzania,tubers,-0.0048290747217834,-0.005313753616064787,-0.0043023983016610146,0.10385755798779428
ssp245,both,Tanzania,legumes,0.033956238301470876,0.0318035630043596,0.03545756288804114,0.09253345604520291
ssp245,both,Tanzania,sorghum_millet,0.013683876255527139,0.01245919894427061,0.015381974168121815,0.025377202546223998
ssp245,both,Tanzania,teff,0.0,0.0,0.0,0.0
ssp245,both,Tanzania,other,-0.06658177729696035,-0.06898072827607393,-0.06437050551176071,0.37787464912980795
ssp245,both,Tanzania,rice,-0.01611168822273612,-0.017772190272808075,-0.014585008844733238,0.055247485637664795
ssp245,both,Tanzania,wheat_barley,0.00019565637921914458,0.00012336293002590537,0.00026613520458340645,0.0013386090286076069
ssp245,both,Uganda,maize,0.0056741852313280106,0.005490507930517197,0.005836155265569687,0.12411375343799591
ssp245,both,Uganda,tree_crops,-0.06335528648924083,-0.06424568477086723,-0.06252210703678429,0.35854902560822666
ssp245,both,Uganda,tubers,0.02499966078903526,0.02448144694790244,0.025427048793062568,0.18371026747627184
ssp245,both,Uganda,legumes,0.020699373329989612,0.02034236048348248,0.02108479547314346,0.2239737471099943
ssp245,both,Uganda,sorghum_millet,0.024770835414528847,0.023569505661725998,0.025549056008458138,0.04888562299311161
ssp245,both,Uganda,teff,0.0,0.0,0.0,0.0
ssp245,both,Uganda,other,-0.011646289844065905,-0.011962488759309053,-0.011228534393012524,0.052016420755535364
ssp245,both,Uganda,rice,-0.0011938032694160938,-0.0013092304579913616,-0.0010905005037784576,0.008711627568118274
ssp245,both,Uganda,wheat_barley,0.0,0.0,0.0,0.0
ssp245,contraction,Ethiopia,maize,0.027692275121808052,0.027110740542411804,0.02818288654088974,0.1280706413090229
ssp245,contraction,Ethiopia,tree_crops,-0.10745382029563189,-0.10889731161296368,-0.10595984943211079,0.333287063986063
ssp245,contraction,Ethiopia,tubers,-0.013491764664649963,-0.013861876912415028,-0.013104605721309781,0.06516734918113798
ssp245,contraction,Ethiopia,legumes,0.01667705364525318,0.01627388596534729,0.01708901859819889,0.08825611649081111
ssp245,contraction,Ethiopia,sorghum_millet,0.03209323063492775,0.031353648751974106,0.03280187025666237,0.1144692674279213
ssp245,contraction,Ethiopia,teff,0.021086951717734337,0.020655006170272827,0.02170710824429989,0.07900177966803312
ssp245,contraction,Ethiopia,other,0.00024398392997682095,2.366490662097931e-06,0.0004748934879899025,0.09550956659950316
ssp245,contraction,Ethiopia,rice,3.371143247932196e-05,2.0298641175031662e-05,4.462851211428642e-05,0.0023708831577096134
ssp245,contraction,Ethiopia,wheat_barley,0.023033468052744865,0.022371094673871994,0.0235251784324646,0.09380923304706812
ssp245,contraction,Malawi,maize,-0.032764315605163574,-0.03530189394950867,-0.030809342861175537,0.6459575667977333
ssp245,contraction,Malawi,tree_crops,0.004891503602266312,0.004178382456302643,0.005532205104827881,0.07890075817704201
ssp245,contraction,Malawi,tubers,0.0004776514251716435,0.000356255448423326,0.0006060230080038309,0.019391698064282537
ssp245,contraction,Malawi,legumes,0.03832170553505421,0.035398175939917564,0.04114537313580513,0.17109413258731365
ssp245,contraction,Malawi,sorghum_millet,0.003823893377557397,0.003402526956051588,0.0043047270737588406,0.015398052288219333
ssp245,contraction,Malawi,teff,0.0,0.0,0.0,0.0
ssp245,contraction,Malawi,other,-0.014526634942740202,-0.015585550107061863,-0.013429636135697365,0.06759434193372726
ssp245,contraction,Malawi,rice,-0.00024067802587524056,-0.00031306291930377483,-0.00016106979455798864,0.0016708573675714433
ssp245,contraction,Malawi,wheat_barley,0.0,0.0,0.0,0.0
ssp245,contraction,Mali,maize,0.003877045586705208,0.0033151954412460327,0.004358403384685516,0.15205582976341248
ssp245,contraction,Mali,tree_crops,0.011198889464139938,0.010733222588896751,0.011806859634816647,0.18448114464990795
ssp245,contraction,Mali,tubers,-0.0008372098382096738,-0.0010279962443746626,-0.0006939933518879116,0.006133521150331944
ssp245,contraction,Mali,legumes,-0.007136846543289721,-0.008021191693842411,-0.006294777616858482,0.050885338918305933
ssp245,contraction,Mali,sorghum_millet,0.02902045100927353,0.02730564773082733,0.030379176139831543,0.4340849369764328
ssp245,contraction,Mali,teff,0.0,0.0,0.0,0.0
ssp245,contraction,Mali,other,-0.014051039703190327,-0.014891005121171474,-0.012865516357123852,0.05913722142577171
ssp245,contraction,Mali,rice,-0.02200733870267868,-0.022937027737498283,-0.021236810833215714,0.11286686919629574
ssp245,contraction,Mali,wheat_barley,0.0,0.0,0.0,0.0
ssp245,contraction,Nigeria,maize,0.02357444353401661,0.022760920226573944,0.02428959310054779,0.16255632415413857
ssp245,contraction,Nigeria,tree_crops,-0.010408681468106806,-0.010869274148717523,-0.009834283730015159,0.04676481056958437
ssp245,contraction,Nigeria,tubers,-0.06885137967765331,-0.0710553489625454,-0.06682442501187325,0.3071940317749977
ssp245,contraction,Nigeria,legumes,0.0184707660228014,0.01763230934739113,0.01911473087966442,0.13231385126709938
ssp245,contraction,Nigeria,sorghum_millet,0.04473729804158211,0.0435081422328949,0.04629598557949066,0.2525235004723072
ssp245,contraction,Nigeria,teff,0.0,0.0,0.0,0.0
ssp245,contraction,Nigeria,other,-0.0029046940617263317,-0.0031095119193196297,-0.0027472618967294693,0.05310905305668712
ssp245,contraction,Nigeria,rice,-0.00448334077373147,-0.004689632914960384,-0.004298027604818344,0.04558158293366432
ssp245,contraction,Nigeria,wheat_barley,1.2405129382386804e-05,5.381567461881787e-06,1.9428262021392584e-05,0.00016407448129029945
ssp245,contraction,Tanzania,maize,0.07052507624030113,0.06808041036128998,0.07314077764749527,0.29091310128569603
ssp245,contraction,Tanzania,tree_crops,-0.01179001122363843,-0.012609602184966207,-0.011217075283639133,0.053043418331071734
ssp245,contraction,Tanzania,tubers,0.004948459332808852,0.004541277419775724,0.005457350052893162,0.10385755798779428
ssp245,contraction,Tanzania,legumes,0.04383953183423728,0.0417584371753037,0.04611422726884484,0.09253345604520291
ssp245,contraction,Tanzania,sorghum_millet,0.01651595998555422,0.015103834681212902,0.018292424269020557,0.025377202546223998
ssp245,contraction,Tanzania,teff,0.0,0.0,0.0,0.0
ssp245,contraction,Tanzania,other,-0.11577556328848004,-0.12010991293936968,-0.11233469750732183,0.37787464912980795
ssp245,contraction,Tanzania,rice,-0.009084082674235106,-0.010174303315579891,-0.008117852732539177,0.055247485637664795
ssp245,contraction,Tanzania,wheat_barley,0.0008840898517519236,0.0006047285278327763,0.0012588656973093748,0.0013386090286076069
ssp245,contraction,Uganda,maize,0.0352825578302145,0.0346076674759388,0.036407582461833954,0.12411375343799591
ssp245,contraction,Uganda,tree_crops,-0.11092564195860177,-0.11256746901199222,-0.109117791056633,0.35854902560822666
ssp245,contraction,Uganda,tubers,0.02330854395404458,0.022631129482761025,0.02374149498064071,0.18371026747627184
ssp245,contraction,Uganda,legumes,0.05755479377694428,0.056335628032684326,0.058593313209712505,0.2239737471099943
ssp245,contraction,Uganda,sorghum_millet,0.01122211990877986,0.010859174653887749,0.011729894205927849,0.04888562299311161
ssp245,contraction,Uganda,teff,0.0,0.0,0.0,0.0
ssp245,contraction,Uganda,other,-0.01609383092727512,-0.016514244256541133,-0.015506558120250702,0.052016420755535364
ssp245,contraction,Uganda,rice,-0.0004946605768054724,-0.0005428232252597809,-0.00044880970381200314,0.008711627568118274
ssp245,contraction,Uganda,wheat_barley,0.0,0.0,0.0,0.0
ssp245,insurance,Ethiopia,maize,0.0316979568451643,0.03079390525817871,0.03247605636715889,0.1280706413090229
ssp245,insurance,Ethiopia,tree_crops,-0.07253295835107565,-0.07415563240647316,-0.07143559679389,0.333287063986063
ssp245,insurance,Ethiopia,tubers,-0.018871439446229488,-0.019453318091109395,-0.018307700636796653,0.06516734918113798
ssp245,insurance,Ethiopia,legumes,0.021800146903842688,0.021256238222122192,0.022573272697627544,0.08825611649081111
ssp245,insurance,Ethiopia,sorghum_millet,0.029363391920924187,0.028423532843589783,0.030101589858531952,0.1144692674279213
ssp245,insurance,Ethiopia,teff,-0.013134384527802467,-0.013585695996880531,-0.012677481397986412,0.07900177966803312
ssp245,insurance,Ethiopia,other,0.005497960140928626,0.005067275837063789,0.005898686358705163,0.09550956659950316
ssp245,insurance,Ethiopia,rice,-0.0006492315733339638,-0.0007245648303069174,-0.000559913576580584,0.0023708831577096134
ssp245,insurance,Ethiopia,wheat_barley,0.017023704014718533,0.016480330377817154,0.01758943870663643,0.09380923304706812
ssp245,insurance,Malawi,maize,-0.03052811324596405,-0.032679229974746704,-0.027861937880516052,0.6459575667977333
ssp245,insurance,Malawi,tree_crops,0.00659676268696785,0.005525752902030945,0.007507652044296265,0.07890075817704201
ssp245,insurance,Malawi,tubers,8.765025995671749e-06,-0.00015135167632251978,0.00019364315085113049,0.019391698064282537
ssp245,insurance,Malawi,legumes,0.028928585350513458,0.02703501656651497,0.0311684962362051,0.17109413258731365
ssp245,insurance,Malawi,sorghum_millet,0.009394723922014236,0.008104869164526463,0.010723988059908152,0.015398052288219333
ssp245,insurance,Malawi,teff,0.0,0.0,0.0,0.0
ssp245,insurance,Malawi,other,-0.014035825151950121,-0.015094873495399952,-0.012964938767254353,0.06759434193372726
ssp245,insurance,Malawi,rice,-0.00044341408647596836,-0.0005760050844401121,-0.00029725657077506185,0.0016708573675714433
ssp245,insurance,Malawi,wheat_barley,0.0,0.0,0.0,0.0
ssp245,insurance,Mali,maize,-8.149631321430206e-05,-0.0016895029693841934,0.0016525555402040482,0.15205582976341248
ssp245,insurance,Mali,tree_crops,-0.024773437762632966,-0.02654288336634636,-0.023115342715755105,0.18448114464990795
ssp245,insurance,Mali,tubers,-0.0009955561545211822,-0.0012048791395500302,-0.0007073569286148995,0.006133521150331944
ssp245,insurance,Mali,legumes,0.03066788404248655,0.027414393611252308,0.03340718219988048,0.050885338918305933
ssp245,insurance,Mali,sorghum_millet,0.05899825319647789,0.05588427931070328,0.06164714694023132,0.4340849369764328
ssp245,insurance,Mali,teff,0.0,0.0,0.0,0.0
ssp245,insurance,Mali,other,-0.01818915386684239,-0.019135629758238792,-0.016586769837886095,0.05913722142577171
ssp245,insurance,Mali,rice,-0.04567536246031523,-0.04744557663798332,-0.04410317447036505,0.11286686919629574
ssp245,insurance,Mali,wheat_barley,0.0,0.0,0.0,0.0
ssp245,insurance,Nigeria,maize,0.0409951638430357,0.04002482816576958,0.042149629443883896,0.16255632415413857
ssp245,insurance,Nigeria,tree_crops,-0.010003475530538708,-0.010415187804028392,-0.0095390307251364,0.04676481056958437
ssp245,insurance,Nigeria,tubers,-0.08545421902090311,-0.08697983622550964,-0.0838335957378149,0.3071940317749977
ssp245,insurance,Nigeria,legumes,0.01100305188447237,0.01043584756553173,0.011699007824063301,0.13231385126709938
ssp245,insurance,Nigeria,sorghum_millet,0.060058776289224625,0.05815722793340683,0.061432912945747375,0.2525235004723072
ssp245,insurance,Nigeria,teff,0.0,0.0,0.0,0.0
ssp245,insurance,Nigeria,other,-0.0022916742600500584,-0.002646997105330229,-0.001902358140796423,0.05310905305668712
ssp245,insurance,Nigeria,rice,-0.014223285019397736,-0.014828772284090519,-0.013634001836180687,0.04558158293366432
ssp245,insurance,Nigeria,wheat_barley,6.7602304625324905e-06,2.9481816454790533e-06,1.0426956578157842e-05,0.00016407448129029945
ssp245,insurance,Tanzania,maize,0.04446210339665413,0.04256277531385422,0.04611606150865555,0.29091310128569603
ssp245,insurance,Tanzania,tree_crops,-0.009106813580729067,-0.009689664002507925,-0.008669490809552372,0.053043418331071734
ssp245,insurance,Tanzania,tubers,-0.00414318882394582,-0.004527558805420995,-0.0036862113047391176,0.10385755798779428
ssp245,insurance,Tanzania,legumes,0.02877564518712461,0.02707502176053822,0.030332787428051233,0.09253345604520291
ssp245,insurance,Tanzania,sorghum_millet,0.011170940473675728,0.010232284665107727,0.01261671632528305,0.025377202546223998
ssp245,insurance,Tanzania,teff,0.0,0.0,0.0,0.0
ssp245,insurance,Tanzania,other,-0.05777684040367603,-0.059777671471238136,-0.055850280448794365,0.37787464912980795
ssp245,insurance,Tanzania,rice,-0.013640237506479025,-0.015192433260381222,-0.012090141884982586,0.055247485637664795
ssp245,insurance,Tanzania,wheat_barley,0.00019527773838490248,0.00012479873839765787,0.0002691966947168112,0.0013386090286076069
ssp245,insurance,Uganda,maize,0.004025643691420555,0.0038171671330928802,0.0041806660592556,0.12411375343799591
ssp245,insurance,Uganda,tree_crops,-0.04727001267019659,-0.04803122649900615,-0.04627879452891648,0.35854902560822666
ssp245,insurance,Uganda,tubers,0.020621315052267164,0.020139745669439435,0.020937534514814615,0.18371026747627184
ssp245,insurance,Uganda,legumes,0.01608027657493949,0.015785167459398508,0.016384221613407135,0.2239737471099943
ssp245,insurance,Uganda,sorghum_millet,0.017786152195185423,0.01715362537652254,0.018717417493462563,0.04888562299311161
ssp245,insurance,Uganda,teff,0.0,0.0,0.0,0.0
ssp245,insurance,Uganda,other,-0.010572630446404219,-0.010923003312200308,-0.01024194760248065,0.052016420755535364
ssp245,insurance,Uganda,rice,-0.0006859353743493557,-0.0007543375249952078,-0.0005977645050734282,0.008711627568118274
ssp245,insurance,Uganda,wheat_barley,0.0,0.0,0.0,0.0
ssp245,none,Ethiopia,maize,-6.943009793758392e-05,-0.00030960142612457275,0.00018369778990745544,0.1280706413090229
ssp245,none,Ethiopia,tree_crops,0.01943525392562151,0.0185155738145113,0.020302778109908104,0.333287063986063
ssp245,none,Ethiopia,tubers,-0.004723923746496439,-0.005001598037779331,-0.004446185892447829,0.06516734918113798
ssp245,none,Ethiopia,legumes,-0.000951679889112711,-0.0011139176785945892,-0.000781916081905365,0.08825611649081111
ssp245,none,Ethiopia,sorghum_millet,-0.002322070300579071,-0.002598486840724945,-0.002052169293165207,0.1144692674279213
ssp245,none,Ethiopia,teff,-0.006250485777854919,-0.006456540897488594,-0.006079657003283501,0.07900177966803312
ssp245,none,Ethiopia,other,0.00016438588500022888,4.029553383588791e-05,0.0002767331898212433,0.09550956659950316
ssp245,none,Ethiopia,rice,-0.00030015569063834846,-0.00033483910374343395,-0.0002553379745222628,0.0023708831577096134
ssp245,none,Ethiopia,wheat_barley,-0.0049799662083387375,-0.005243243649601936,-0.00477399118244648,0.09380923304706812
ssp245,none,Malawi,maize,-0.006449803709983826,-0.007144659757614136,-0.005739450454711914,0.6459575667977333
ssp245,none,Malawi,tree_crops,0.003765743225812912,0.0031364858150482178,0.004251249134540558,0.07890075817704201
ssp245,none,Malawi,tubers,0.0004289549542590976,0.00034828041680157185,0.0005285657243803144,0.019391698064282537
ssp245,none,Malawi,legumes,0.004391968250274658,0.0038042087107896805,0.004829885438084602,0.17109413258731365
ssp245,none,Malawi,sorghum_millet,0.0004928763955831528,0.00044141151010990143,0.000560699962079525,0.015398052288219333
ssp245,none,Malawi,teff,0.0,0.0,0.0,0.0
ssp245,none,Malawi,other,-0.0024049710482358932,-0.0027744099497795105,-0.0020094187930226326,0.06759434193372726
ssp245,none,Malawi,rice,-0.00018967926735058427,-0.00024586787912994623,-0.00012543366756290197,0.0016708573675714433
ssp245,none,Malawi,wheat_barley,0.0,0.0,0.0,0.0
ssp245,none,Mali,maize,-0.003768259659409523,-0.0041291117668151855,-0.0034532099962234497,0.15205582976341248
ssp245,none,Mali,tree_crops,0.005733851110562682,0.005351706873625517,0.00616236450150609,0.18448114464990795
ssp245,none,Mali,tubers,0.0004950969305355102,0.0004236431559547782,0.0005963281728327274,0.006133521150331944
ssp245,none,Mali,legumes,0.004056637408211827,0.0036789949517697096,0.004424674436450005,0.050885338918305933
ssp245,none,Mali,sorghum_millet,0.01393108069896698,0.013140171766281128,0.014890491962432861,0.4340849369764328
ssp245,none,Mali,teff,0.0,0.0,0.0,0.0
ssp245,none,Mali,other,-0.00390118220821023,-0.004493683576583862,-0.003108222968876362,0.05913722142577171
ssp245,none,Mali,rice,-0.016608454287052155,-0.017202185466885567,-0.015639886260032654,0.11286686919629574
ssp245,none,Mali,wheat_barley,0.0,0.0,0.0,0.0
ssp245,none,Nigeria,maize,-0.004399901255965233,-0.004693206399679184,-0.004107583314180374,0.16255632415413857
ssp245,none,Nigeria,tree_crops,-0.00020624382887035608,-0.0002547202166169882,-0.000165675301104784,0.04676481056958437
ssp245,none,Nigeria,tubers,0.027930887416005135,0.027058754116296768,0.02908352017402649,0.3071940317749977
ssp245,none,Nigeria,legumes,-0.006838354282081127,-0.007047915831208229,-0.006662113592028618,0.13231385126709938
ssp245,none,Nigeria,sorghum_millet,-0.012268070131540298,-0.012846879661083221,-0.011611707508563995,0.2525235004723072
ssp245,none,Nigeria,teff,0.0,0.0,0.0,0.0
ssp245,none,Nigeria,other,-0.0018595843575894833,-0.0019454406574368477,-0.0017654458060860634,0.05310905305668712
ssp245,none,Nigeria,rice,-0.0023929253220558167,-0.002544170245528221,-0.0022479835897684097,0.04558158293366432
ssp245,none,Nigeria,wheat_barley,-1.545455597806722e-05,-2.4190463591367006e-05,-7.156835636124015e-06,0.00016407448129029945
ssp245,none,Tanzania,maize,-0.00873071700334549,-0.009480036795139313,-0.007949359714984894,0.29091310128569603
ssp245,none,Tanzania,tree_crops,0.0010234619840048254,0.0009327017469331622,0.001119136461056769,0.053043418331071734
ssp245,none,Tanzania,tubers,-0.0026530810864642262,-0.002859469735994935,-0.002406058367341757,0.10385755798779428
ssp245,none,Tanzania,legumes,-0.003866909653879702,-0.004254958592355251,-0.003534505609422922,0.09253345604520291
ssp245,none,Tanzania,sorghum_millet,-0.0010110926814377308,-0.0011629718355834484,-0.0008017159998416901,0.025377202546223998
ssp245,none,Tanzania,teff,0.0,0.0,0.0,0.0
ssp245,none,Tanzania,other,0.025167974643409252,0.0239297766238451,0.026223829947412014,0.37787464912980795
ssp245,none,Tanzania,rice,-0.009786238428205252,-0.01088401023298502,-0.008967483416199684,0.055247485637664795
ssp245,none,Tanzania,wheat_barley,-0.00011528999311849475,-0.00016305188182741404,-7.736816769465804e-05,0.0013386090286076069
ssp245,none,Uganda,maize,0.003921227529644966,0.0034567005932331085,0.004413355141878128,0.12411375343799591
ssp245,none,Uganda,tree_crops,0.007583328173495829,0.006604303373023868,0.008671429473906755,0.35854902560822666
ssp245,none,Uganda,tubers,-0.004167760664131492,-0.004410967230796814,-0.003942399751394987,0.18371026747627184
ssp245,none,Uganda,legumes,-0.0008599610300734639,-0.0013991119340062141,-0.00041615800000727177,0.2239737471099943
ssp245,none,Uganda,sorghum_millet,-0.003187991213053465,-0.0033565089106559753,-0.0029622381553053856,0.04888562299311161
ssp245,none,Uganda,teff,0.0,0.0,0.0,0.0
ssp245,none,Uganda,other,-0.003304098383523524,-0.0034379272256046534,-0.003159903921186924,0.052016420755535364
ssp245,none,Uganda,rice,2.4101464077830315e-05,-1.1516734957695007e-05,5.961139686405659e-05,0.008711627568118274
ssp245,none,Uganda,wheat_barley,0.0,0.0,0.0,0.0
ssp245,safety_net,Ethiopia,maize,0.04239721968770027,0.04145273566246033,0.043487172573804855,0.1280706413090229
ssp245,safety_net,Ethiopia,tree_crops,-0.10291959159076214,-0.1047453349456191,-0.10161458794027567,0.333287063986063
ssp245,safety_net,Ethiopia,tubers,-0.02432093967217952,-0.025009217555634677,-0.023654561839066446,0.06516734918113798
ssp245,safety_net,Ethiopia,legumes,0.029928184114396572,0.02915627881884575,0.030777023173868656,0.08825611649081111
ssp245,safety_net,Ethiopia,sorghum_millet,0.039695536717772484,0.038446273654699326,0.04045230522751808,0.1144692674279213
ssp245,safety_net,Ethiopia,teff,-0.016622528433799744,-0.01715482585132122,-0.016058823093771935,0.07900177966803312
ssp245,safety_net,Ethiopia,other,0.009182622423395514,0.008629248477518559,0.009714902378618717,0.09550956659950316
ssp245,safety_net,Ethiopia,rice,-0.0008109625923680142,-0.0009031691588461399,-0.0007035876042209566,0.0023708831577096134
ssp245,safety_net,Ethiopia,wheat_barley,0.02356818877160549,0.02285573072731495,0.02425558865070343,0.09380923304706812
ssp245,safety_net,Malawi,maize,-0.039994657039642334,-0.043248534202575684,-0.03657335042953491,0.6459575667977333
ssp245,safety_net,Malawi,tree_crops,0.008646223694086075,0.007511354982852936,0.009749628603458405,0.07890075817704201
ssp245,safety_net,Malawi,tubers,2.7325237169861794e-05,-0.00017764430958777666,0.00026235939003527164,0.019391698064282537
ssp245,safety_net,Malawi,legumes,0.03618730325251818,0.03375053219497204,0.038930343464016914,0.17109413258731365
ssp245,safety_net,Malawi,sorghum_millet,0.012915364000946283,0.01114361360669136,0.01481931284070015,0.015398052288219333
ssp245,safety_net,Malawi,teff,0.0,0.0,0.0,0.0
ssp245,safety_net,Malawi,other,-0.017279545310884714,-0.01877210196107626,-0.016186904162168503,0.06759434193372726
ssp245,safety_net,Malawi,rice,-0.0005578075652010739,-0.0007208778988569975,-0.00037332321517169476,0.0016708573675714433
ssp245,safety_net,Malawi,wheat_barley,0.0,0.0,0.0,0.0
ssp245,safety_net,Mali,maize,-0.001733408309519291,-0.0038093924522399902,0.0002664737403392792,0.15205582976341248
ssp245,safety_net,Mali,tree_crops,-0.03289656725246459,-0.03514205780811608,-0.031086972448974848,0.18448114464990795
ssp245,safety_net,Mali,tubers,-0.001173466836917214,-0.0014143918524496257,-0.0007970386068336666,0.006133521150331944
ssp245,safety_net,Mali,legumes,0.04474727530032396,0.04074751539155841,0.04878553142771125,0.050885338918305933
ssp245,safety_net,Mali,sorghum_millet,0.06305177137255669,0.05988999456167221,0.06683529913425446,0.4340849369764328
ssp245,safety_net,Mali,teff,0.0,0.0,0.0,0.0
ssp245,safety_net,Mali,other,-0.022083112271502614,-0.023547947872430086,-0.020553680136799812,0.05913722142577171
ssp245,safety_net,Mali,rice,-0.04993921937420964,-0.05166033748537302,-0.04803189914673567,0.11286686919629574
ssp245,safety_net,Mali,wheat_barley,0.0,0.0,0.0,0.0
ssp245,safety_net,Nigeria,maize,0.044403210282325745,0.04314887151122093,0.04554370045661926,0.16255632415413857
ssp245,safety_net,Nigeria,tree_crops,-0.011769329372327775,-0.012289766920730472,-0.011199477594345808,0.04676481056958437
ssp245,safety_net,Nigeria,tubers,-0.11607578489929438,-0.1175917536020279,-0.11394497938454151,0.3071940317749977
ssp245,safety_net,Nigeria,legumes,0.01565979328006506,0.014868736267089844,0.01652074046432972,0.13231385126709938
ssp245,safety_net,Nigeria,sorghum_millet,0.08644265308976173,0.08456959575414658,0.08849290013313293,0.2525235004723072
ssp245,safety_net,Nigeria,teff,0.0,0.0,0.0,0.0
ssp245,safety_net,Nigeria,other,-0.0017260769382119179,-0.0021949848160147667,-0.0012402492575347424,0.05310905305668712
ssp245,safety_net,Nigeria,rice,-0.016834951704367995,-0.017588535323739052,-0.016189427580684423,0.04558158293366432
ssp245,safety_net,Nigeria,wheat_barley,9.654104360379279e-06,4.647830792237073e-06,1.5227298717945814e-05,0.00016407448129029945
ssp245,safety_net,Tanzania,maize,0.056513138115406036,0.05422268807888031,0.058541104197502136,0.29091310128569603
ssp245,safety_net,Tanzania,tree_crops,-0.012497199699282646,-0.01328687637578696,-0.01189119613263756,0.053043418331071734
ssp245,safety_net,Tanzania,tubers,-0.004821552021894604,-0.005388391902670264,-0.0042029134929180145,0.10385755798779428
ssp245,safety_net,Tanzania,legumes,0.039707625517621636,0.03727579512633383,0.04149120976217091,0.09253345604520291
ssp245,safety_net,Tanzania,sorghum_millet,0.016397295985370874,0.014983012340962887,0.01844139490276575,0.025377202546223998
ssp245,safety_net,Tanzania,teff,0.0,0.0,0.0,0.0
ssp245,safety_net,Tanzania,other,-0.0767311961390078,-0.07950086705386639,-0.07426750101149082,0.37787464912980795
ssp245,safety_net,Tanzania,rice,-0.018756206147372723,-0.02050825860351324,-0.017175561748445034,0.055247485637664795
ssp245,safety_net,Tanzania,wheat_barley,0.00022601254750043154,0.00014130573254078627,0.00030752154998481274,0.0013386090286076069
ssp245,safety_net,Uganda,maize,0.008964579552412033,0.008702024817466736,0.00916183739900589,0.12411375343799591
ssp245,safety_net,Uganda,tree_crops,-0.07832833286374807,-0.07928973087109625,-0.07741049979813397,0.35854902560822666
ssp245,safety_net,Uganda,tubers,0.027674014738295227,0.027130135451443493,0.028205954236909747,0.18371026747627184
ssp245,safety_net,Uganda,legumes,0.028031954658217728,0.02759700152091682,0.02852379239629954,0.2239737471099943
ssp245,safety_net,Uganda,sorghum_millet,0.028014186769723892,0.02671835944056511,0.02885577082633972,0.04888562299311161
ssp245,safety_net,Uganda,teff,0.0,0.0,0.0,0.0
ssp245,safety_net,Uganda,other,-0.01270785415545106,-0.013087124098092318,-0.012295366497710347,0.052016420755535364
ssp245,safety_net,Uganda,rice,-0.0017061467515304685,-0.0018340807873755693,-0.001545599428936839,0.008711627568118274
ssp245,safety_net,Uganda,wheat_barley,0.0,0.0,0.0,0.0
ssp245,transfer,Ethiopia,maize,0.017115654423832893,0.016568049788475037,0.01759713515639305,0.1280706413090229
ssp245,transfer,Ethiopia,tree_crops,-0.0394442193210125,-0.04053900204598904,-0.03854155354201794,0.333287063986063
ssp245,transfer,Ethiopia,tubers,-0.011509961448609829,-0.011929260101169348,-0.011121653951704502,0.06516734918113798
ssp245,transfer,Ethiopia,legumes,0.010474156122654676,0.010201090015470982,0.010941239073872566,0.08825611649081111
ssp245,transfer,Ethiopia,sorghum_millet,0.016382619738578796,0.015884671360254288,0.01681756228208542,0.1144692674279213
ssp245,transfer,Ethiopia,teff,-0.0029835253953933716,-0.0031391028314828873,-0.002774639055132866,0.07900177966803312
ssp245,transfer,Ethiopia,other,0.002048353315331042,0.0018157628364861012,0.0023017488420009613,0.09550956659950316
ssp245,transfer,Ethiopia,rice,-0.0003687359276227653,-0.0004200433613732457,-0.00032063687103800476,0.0023708831577096134
ssp245,transfer,Ethiopia,wheat_barley,0.008299052715301514,0.007977252826094627,0.008612830191850662,0.09380923304706812
ssp245,transfer,Malawi,maize,-0.017303571105003357,-0.018424540758132935,-0.01557818055152893,0.6459575667977333
ssp245,transfer,Malawi,tree_crops,0.003938633948564529,0.0031978487968444824,0.004674367606639862,0.07890075817704201
ssp245,transfer,Malawi,tubers,0.0002781465300358832,0.0001872517168521881,0.0003988637472502887,0.019391698064282537
ssp245,transfer,Malawi,legumes,0.01863874588161707,0.017233049497008324,0.02004139870405197,0.17109413258731365
ssp245,transfer,Malawi,sorghum_millet,0.003041468560695648,0.0026615778915584087,0.0034275869838893414,0.015398052288219333
ssp245,transfer,Malawi,teff,0.0,0.0,0.0,0.0
ssp245,transfer,Malawi,other,-0.0083689596503973,-0.009043756872415543,-0.007620073854923248,0.06759434193372726
ssp245,transfer,Malawi,rice,-0.0002366763073951006,-0.00030721258372068405,-0.00015079975128173828,0.0016708573675714433
ssp245,transfer,Malawi,wheat_barley,0.0,0.0,0.0,0.0
ssp245,transfer,Mali,maize,0.0005899947136640549,-0.000534694641828537,0.001327071338891983,0.15205582976341248
ssp245,transfer,Mali,tree_crops,-0.003165603382512927,-0.004046209156513214,-0.0022096214815974236,0.18448114464990795
ssp245,transfer,Mali,tubers,-0.0005855195049662143,-0.0007149374578148127,-0.00043104891665279865,0.006133521150331944
ssp245,transfer,Mali,legumes,0.008905111579224467,0.007773782592266798,0.01002447190694511,0.050885338918305933
ssp245,transfer,Mali,sorghum_millet,0.04379822313785553,0.042158231139183044,0.04559856653213501,0.4340849369764328
ssp245,transfer,Mali,teff,0.0,0.0,0.0,0.0
ssp245,transfer,Mali,other,-0.014614664716646075,-0.015530109405517578,-0.013458887580782175,0.05913722142577171
ssp245,transfer,Mali,rice,-0.035003661178052425,-0.036256154999136925,-0.0337312426418066,0.11286686919629574
ssp245,transfer,Mali,wheat_barley,0.0,0.0,0.0,0.0
ssp245,transfer,Nigeria,maize,0.022009413689374924,0.021481379866600037,0.02280407026410103,0.16255632415413857
ssp245,transfer,Nigeria,tree_crops,-0.00717912579420954,-0.007454045116901398,-0.006800336064770818,0.04676481056958437
ssp245,transfer,Nigeria,tubers,-0.0506360474973917,-0.05181880295276642,-0.049224359914660454,0.3071940317749977
ssp245,transfer,Nigeria,legumes,0.01045403815805912,0.010120611637830734,0.010797632858157158,0.13231385126709938
ssp245,transfer,Nigeria,sorghum_millet,0.037066295742988586,0.03578783571720123,0.038048721849918365,0.2525235004723072
ssp245,transfer,Nigeria,teff,0.0,0.0,0.0,0.0
ssp245,transfer,Nigeria,other,-0.0022961434442549944,-0.002557419240474701,-0.0021068500354886055,0.05310905305668712
ssp245,transfer,Nigeria,rice,-0.009396568406373262,-0.009840057231485844,-0.009001083672046661,0.04558158293366432
ssp245,transfer,Nigeria,wheat_barley,4.598085070028901e-06,2.037173544522375e-06,7.085545803420246e-06,0.00016407448129029945
ssp245,transfer,Tanzania,maize,0.024826522916555405,0.023738212883472443,0.02618032693862915,0.29091310128569603
ssp245,transfer,Tanzania,tree_crops,-0.0041718691936694086,-0.004444414167664945,-0.003985669114626944,0.053043418331071734
ssp245,transfer,Tanzania,tubers,-0.0008914640638977289,-0.0010390395764261484,-0.0006356423255056143,0.10385755798779428
ssp245,transfer,Tanzania,legumes,0.014129400020465255,0.013180219568312168,0.01487515028566122,0.09253345604520291
ssp245,transfer,Tanzania,sorghum_millet,0.005360543495044112,0.00486103817820549,0.006014322862029076,0.025377202546223998
ssp245,transfer,Tanzania,teff,0.0,0.0,0.0,0.0
ssp245,transfer,Tanzania,other,-0.030517599545419216,-0.031507513485848904,-0.029347370378673077,0.37787464912980795
ssp245,transfer,Tanzania,rice,-0.00895583163946867,-0.010318276472389698,-0.007759404368698597,0.055247485637664795
ssp245,transfer,Tanzania,wheat_barley,0.00017152901273220778,0.00011757080210372806,0.00024284329265356064,0.0013386090286076069
ssp245,transfer,Uganda,maize,0.012514263391494751,0.012003865092992783,0.012971434742212296,0.12411375343799591
ssp245,transfer,Uganda,tree_crops,-0.047907965374179184,-0.049091345397755504,-0.04667292023077607,0.35854902560822666
ssp245,transfer,Uganda,tubers,0.01431248162407428,0.013983733486384153,0.014606328681111336,0.18371026747627184
ssp245,transfer,Uganda,legumes,0.024224670371040702,0.023507299250923097,0.02475884952582419,0.2239737471099943
ssp245,transfer,Uganda,sorghum_millet,0.007986627519130707,0.0076752956956624985,0.0084170401096344,0.04888562299311161
ssp245,transfer,Uganda,teff,0.0,0.0,0.0,0.0
ssp245,transfer,Uganda,other,-0.01036069355905056,-0.010684229200705886,-0.010018272791057825,0.052016420755535364
ssp245,transfer,Uganda,rice,-0.0007948732236400247,-0.0008767230901867151,-0.0007115576881915331,0.008711627568118274
ssp245,transfer,Uganda,wheat_barley,0.0,0.0,0.0,0.0
ssp585,both,Ethiopia,maize,0.03844372741878033,0.03759336844086647,0.039459194988012314,0.1280706413090229
ssp585,both,Ethiopia,tree_crops,-0.09330893727019429,-0.09499036706984043,-0.09206557087600231,0.333287063986063
ssp585,both,Ethiopia,tubers,-0.0220431896741502,-0.022683258401229978,-0.021431933739222586,0.06516734918113798
ssp585,both,Ethiopia,legumes,0.02751775598153472,0.026773910969495773,0.02828933112323284,0.08825611649081111
ssp585,both,Ethiopia,sorghum_millet,0.03625774383544922,0.03510575369000435,0.03698398172855377,0.1144692674279213
ssp585,both,Ethiopia,teff,-0.015286930836737156,-0.01577363908290863,-0.014738833531737328,0.07900177966803312
ssp585,both,Ethiopia,other,0.007013536989688873,0.006562414113432169,0.0074890367686748505,0.09550956659950316
ssp585,both,Ethiopia,rice,-0.000744488526834175,-0.0008294410072267056,-0.0006447217310778797,0.0023708831577096134
ssp585,both,Ethiopia,wheat_barley,0.022232595831155777,0.0215022973716259,0.022891804575920105,0.09380923304706812
ssp585,both,Malawi,maize,-0.03744354844093323,-0.04031574726104736,-0.03420223295688629,0.6459575667977333
ssp585,both,Malawi,tree_crops,0.00593586266040802,0.005007743835449219,0.006880700588226318,0.07890075817704201
ssp585,both,Malawi,tubers,-0.0003383965231478214,-0.0005120263667777181,-0.00013426307123154402,0.019391698064282537
ssp585,both,Malawi,legumes,0.036443266086280346,0.034143855795264244,0.03922642208635807,0.17109413258731365
ssp585,both,Malawi,sorghum_millet,0.011861116392537951,0.01015854673460126,0.013540349435061216,0.015398052288219333
ssp585,both,Malawi,teff,0.0,0.0,0.0,0.0
ssp585,both,Malawi,other,-0.016084618400782347,-0.017280119471251965,-0.014891243539750576,0.06759434193372726
ssp585,both,Malawi,rice,-0.00049910246161744,-0.000646144850179553,-0.0003340521361678839,0.0016708573675714433
ssp585,both,Malawi,wheat_barley,0.0,0.0,0.0,0.0
ssp585,both,Mali,maize,-0.006380428560078144,-0.008340703323483467,-0.004508374258875847,0.15205582976341248
ssp585,both,Mali,tree_crops,-0.025460784323513508,-0.027513699606060982,-0.02366387750953436,0.18448114464990795
ssp585,both,Mali,tubers,-0.000990850559901446,-0.001279540068935603,-0.0007056511240079999,0.006133521150331944
ssp585,both,Mali,legumes,0.040961388614960015,0.03714177245274186,0.044801558600738645,0.050885338918305933
ssp585,both,Mali,sorghum_millet,0.057097502052783966,0.053578704595565796,0.06043606996536255,0.4340849369764328
ssp585,both,Mali,teff,0.0,0.0,0.0,0.0
ssp585,both,Mali,other,-0.019773455802351236,-0.021053625736385584,-0.01823002565652132,0.05913722142577171
ssp585,both,Mali,rice,-0.04544416395947337,-0.04714890569448471,-0.0436687096953392,0.11286686919629574
ssp585,both,Mali,wheat_barley,0.0,0.0,0.0,0.0
ssp585,both,Nigeria,maize,0.04828169383108616,0.04713195189833641,0.049529388546943665,0.16255632415413857
ssp585,both,Nigeria,tree_crops,-0.011178891232702881,-0.01164945331402123,-0.01065117516554892,0.04676481056958437
ssp585,both,Nigeria,tubers,-0.10386473499238491,-0.10530650801956654,-0.10174066573381424,0.3071940317749977
ssp585,both,Nigeria,legumes,0.011458232067525387,0.010721482336521149,0.012200532481074333,0.13231385126709938
ssp585,both,Nigeria,sorghum_millet,0.07470531016588211,0.0729813501238823,0.07666503638029099,0.2525235004723072
ssp585,both,Nigeria,teff,0.0,0.0,0.0,0.0
ssp585,both,Nigeria,other,-0.0033489984925836325,-0.003770188894122839,-0.0029024495743215084,0.05310905305668712
ssp585,both,Nigeria,rice,-0.01600698195397854,-0.016684151254594326,-0.015373009257018566,0.04558158293366432
ssp585,both,Nigeria,wheat_barley,4.626795998774469e-06,2.1278829080983996e-06,7.2636466939002275e-06,0.00016407448129029945
ssp585,both,Tanzania,maize,0.05061520263552666,0.04859553277492523,0.05268064886331558,0.29091310128569603
ssp585,both,Tanzania,tree_crops,-0.010674796998500824,-0.011294486932456493,-0.01010384049732238,0.053043418331071734
ssp585,both,Tanzania,tubers,-0.0056483595399186015,-0.006102693732827902,-0.005131871090270579,0.10385755798779428
ssp585,both,Tanzania,legumes,0.032907952554523945,0.03083923552185297,0.03432458988390863,0.09253345604520291
ssp585,both,Tanzania,sorghum_millet,0.013373065972700715,0.012190239503979683,0.01503142062574625,0.025377202546223998
ssp585,both,Tanzania,teff,0.0,0.0,0.0,0.0
ssp585,both,Tanzania,other,-0.06486777309328318,-0.06732530239969492,-0.06294081266969442,0.37787464912980795
ssp585,both,Tanzania,rice,-0.015906813088804483,-0.017603068612515926,-0.01434185542166233,0.055247485637664795
ssp585,both,Tanzania,wheat_barley,0.00019352149683982134,0.00012190517736598849,0.00026330770924687386,0.0013386090286076069
ssp585,both,Uganda,maize,0.00624178908765316,0.006053570657968521,0.006411541253328323,0.12411375343799591
ssp585,both,Uganda,tree_crops,-0.06328568374738097,-0.06419334118254483,-0.0625030193477869,0.35854902560822666
ssp585,both,Uganda,tubers,0.02498818264575675,0.02446718141436577,0.025445803068578243,0.18371026747627184
ssp585,both,Uganda,legumes,0.02078048139810562,0.02040361985564232,0.021154539077542722,0.2239737471099943
ssp585,both,Uganda,sorghum_millet,0.023964754305779934,0.02281625010073185,0.02471713162958622,0.04888562299311161
ssp585,both,Uganda,teff,0.0,0.0,0.0,0.0
ssp585,both,Uganda,other,-0.011556691373698413,-0.011894036084413528,-0.011170121375471354,0.052016420755535364
ssp585,both,Uganda,rice,-0.0011996348621323705,-0.0013135743793100119,-0.0010965659748762846,0.008711627568118274
ssp585,both,Uganda,wheat_barley,0.0,0.0,0.0,0.0
ssp585,contraction,Ethiopia,maize,0.028060659766197205,0.02753540873527527,0.028616759926080704,0.1280706413090229
ssp585,contraction,Ethiopia,tree_crops,-0.10746159870177507,-0.10887696593999863,-0.10601602122187614,0.333287063986063
ssp585,contraction,Ethiopia,tubers,-0.01326929940842092,-0.013624121900647879,-0.012882860377430916,0.06516734918113798
ssp585,contraction,Ethiopia,legumes,0.016683636233210564,0.016286767087876797,0.017095479182898998,0.08825611649081111
ssp585,contraction,Ethiopia,sorghum_millet,0.03210567869246006,0.03144586831331253,0.032902367413043976,0.1144692674279213
ssp585,contraction,Ethiopia,teff,0.021048109978437424,0.020606860518455505,0.02167833410203457,0.07900177966803312
ssp585,contraction,Ethiopia,other,0.00047072023153305054,0.00022302241995930672,0.000714403111487627,0.09550956659950316
ssp585,contraction,Ethiopia,rice,2.8872047550976276e-05,1.977855572476983e-05,4.505447577685118e-05,0.0023708831577096134
ssp585,contraction,Ethiopia,wheat_barley,0.022254393436014652,0.02161172404885292,0.02274276316165924,0.09380923304706812
ssp585,contraction,Malawi,maize,-0.03435954451560974,-0.03705857694149017,-0.03228744864463806,0.6459575667977333
ssp585,contraction,Malawi,tree_crops,0.0037062764167785645,0.0030781254172325134,0.004273474216461182,0.07890075817704201
ssp585,contraction,Malawi,tubers,0.00019509653793647885,8.313055150210857e-05,0.00030165468342602253,0.019391698064282537
ssp585,contraction,Malawi,legumes,0.04202093090862036,0.03896140120923519,0.04503079876303673,0.17109413258731365
ssp585,contraction,Malawi,sorghum_millet,0.003955140709877014,0.0035196756944060326,0.004442383069545031,0.015398052288219333
ssp585,contraction,Malawi,teff,0.0,0.0,0.0,0.0
ssp585,contraction,Malawi,other,-0.01525446167215705,-0.01638943888247013,-0.014139513485133648,0.06759434193372726
ssp585,contraction,Malawi,rice,-0.00024060852592810988,-0.0003132291603833437,-0.00016090518329292536,0.0016708573675714433
ssp585,contraction,Malawi,wheat_barley,0.0,0.0,0.0,0.0
ssp585,contraction,Mali,maize,-0.006347326561808586,-0.006794750690460205,-0.005875512957572937,0.15205582976341248
ssp585,contraction,Mali,tree_crops,0.01693422580137849,0.0160601818934083,0.017923623323440552,0.18448114464990795
ssp585,contraction,Mali,tubers,-0.0006526866636704654,-0.0007845807122066617,-0.0004843096248805523,0.006133521150331944
ssp585,contraction,Mali,legumes,-0.009095451445318758,-0.010051206219941378,-0.008275939151644707,0.050885338918305933
ssp585,contraction,Mali,sorghum_millet,0.0229363813996315,0.02151446044445038,0.024663537740707397,0.4340849369764328
ssp585,contraction,Mali,teff,0.0,0.0,0.0,0.0
ssp585,contraction,Mali,other,-0.012340778484940529,-0.013026663102209568,-0.011132750660181046,0.05913722142577171
ssp585,contraction,Mali,rice,-0.011426553130149841,-0.012134546414017677,-0.01087033562362194,0.11286686919629574
ssp585,contraction,Mali,wheat_barley,0.0,0.0,0.0,0.0
ssp585,contraction,Nigeria,maize,0.023739056661725044,0.023015417158603668,0.02456589788198471,0.16255632415413857
ssp585,contraction,Nigeria,tree_crops,-0.008939261082559824,-0.009398508816957474,-0.00837545981630683,0.04676481056958437
ssp585,contraction,Nigeria,tubers,-0.06398042384535074,-0.06618507578969002,-0.062046075239777565,0.3071940317749977
ssp585,contraction,Nigeria,legumes,0.011647582985460758,0.010793639346957207,0.012156696990132332,0.13231385126709938
ssp585,contraction,Nigeria,sorghum_millet,0.04616277664899826,0.04489912837743759,0.04774690419435501,0.2525235004723072
ssp585,contraction,Nigeria,teff,0.0,0.0,0.0,0.0
ssp585,contraction,Nigeria,other,-0.00325341010466218,-0.0034623267129063606,-0.003111671656370163,0.05310905305668712
ssp585,contraction,Nigeria,rice,-0.005310582462698221,-0.005524823442101479,-0.005059598945081234,0.04558158293366432
ssp585,contraction,Nigeria,wheat_barley,8.121751307044178e-06,3.572364221327007e-06,1.2753487681038678e-05,0.00016407448129029945
ssp585,contraction,Tanzania,maize,0.07293219119310379,0.07073137164115906,0.07600491493940353,0.29091310128569603
ssp585,contraction,Tanzania,tree_crops,-0.012153497606050223,-0.013068964472040534,-0.011612104950472713,0.053043418331071734
ssp585,contraction,Tanzania,tubers,0.0037394476821646094,0.0033219880424439907,0.004236950073391199,0.10385755798779428
ssp585,contraction,Tanzania,legumes,0.04370311857201159,0.041627111844718456,0.04594379407353699,0.09253345604520291
ssp585,contraction,Tanzania,sorghum_millet,0.016457449644804,0.015048304107040167,0.018231830559670925,0.025377202546223998
ssp585,contraction,Tanzania,teff,0.0,0.0,0.0,0.0
ssp585,contraction,Tanzania,other,-0.11609962303191423,-0.12026189919561148,-0.11256691254675388,0.37787464912980795
ssp585,contraction,Tanzania,rice,-0.009450566954910755,-0.010571658611297607,-0.008479664102196693,0.055247485637664795
ssp585,contraction,Tanzania,wheat_barley,0.0008843372343108058,0.0006049740477465093,0.0012592710554599762,0.0013386090286076069
ssp585,contraction,Uganda,maize,0.034935424104332924,0.03427804633975029,0.03606153279542923,0.12411375343799591
ssp585,contraction,Uganda,tree_crops,-0.10937180765904486,-0.11101515218615532,-0.10764427715912461,0.35854902560822666
ssp585,contraction,Uganda,tubers,0.023635258781723678,0.023051498690620065,0.024164202506653965,0.18371026747627184
ssp585,contraction,Uganda,legumes,0.0558796824188903,0.05470525356940925,0.05688909534364939,0.2239737471099943
ssp585,contraction,Uganda,sorghum_millet,0.011084774974733591,0.010714638978242874,0.011579681187868118,0.04888562299311161
ssp585,contraction,Uganda,teff,0.0,0.0,0.0,0.0
ssp585,contraction,Uganda,other,-0.015850856783799827,-0.016277993330731988,-0.015272240387275815,0.052016420755535364
ssp585,contraction,Uganda,rice,-0.000427925493568182,-0.00047257402911782265,-0.00038584042340517044,0.008711627568118274
ssp585,contraction,Uganda,wheat_barley,0.0,0.0,0.0,0.0
ssp585,insurance,Ethiopia,maize,0.032436396926641464,0.03168868273496628,0.03336579352617264,0.1280706413090229
ssp585,insurance,Ethiopia,tree_crops,-0.07728652190417051,-0.07885551266372204,-0.07615986838936806,0.333287063986063
ssp585,insurance,Ethiopia,tubers,-0.018757241021376103,-0.0193411287618801,-0.018213345087133348,0.06516734918113798
ssp585,insurance,Ethiopia,legumes,0.022800241596996784,0.022188018076121807,0.023526394739747047,0.08825611649081111
ssp585,insurance,Ethiopia,sorghum_millet,0.030612817034125328,0.029645703732967377,0.031333647668361664,0.1144692674279213
ssp585,insurance,Ethiopia,teff,-0.012538591399788857,-0.01294233463704586,-0.012057261541485786,0.07900177966803312
ssp585,insurance,Ethiopia,other,0.005336737493053079,0.004993732552975416,0.005758045939728618,0.09550956659950316
ssp585,insurance,Ethiopia,rice,-0.0006425384490285069,-0.0007168930605985224,-0.0005536434182431549,0.0023708831577096134
ssp585,insurance,Ethiopia,wheat_barley,0.018221569247543812,0.01760539598762989,0.018777305260300636,0.09380923304706812
ssp585,insurance,Malawi,maize,-0.03199731558561325,-0.034286901354789734,-0.02923862636089325,0.6459575667977333
ssp585,insurance,Malawi,tree_crops,0.005039650946855545,0.004059940576553345,0.005791895091533661,0.07890075817704201
ssp585,insurance,Malawi,tubers,-0.00026996812084689736,-0.0004032717552036047,-8.611258817836642e-05,0.019391698064282537
ssp585,insurance,Malawi,legumes,0.03238075692206621,0.030335161834955215,0.034887539222836494,0.17109413258731365
ssp585,insurance,Malawi,sorghum_millet,0.009295315248891711,0.008183860685676336,0.010802462697029114,0.015398052288219333
ssp585,insurance,Malawi,teff,0.0,0.0,0.0,0.0
ssp585,insurance,Malawi,other,-0.01407599775120616,-0.015168517827987671,-0.01305657159537077,0.06759434193372726
ssp585,insurance,Malawi,rice,-0.0004309648065827787,-0.0005568162305280566,-0.00028382998425513506,0.0016708573675714433
ssp585,insurance,Malawi,wheat_barley,0.0,0.0,0.0,0.0
ssp585,insurance,Mali,maize,-0.006282729096710682,-0.007980046793818474,-0.004658529534935951,0.15205582976341248
ssp585,insurance,Mali,tree_crops,-0.019405843690037727,-0.02120925160124898,-0.017841960536316037,0.18448114464990795
ssp585,insurance,Mali,tubers,-0.0009000457939691842,-0.0011501348344609141,-0.0006536951113957912,0.006133521150331944
ssp585,insurance,Mali,legumes,0.031232105451636016,0.027902436209842563,0.034020811319351196,0.050885338918305933
ssp585,insurance,Mali,sorghum_millet,0.055803604423999786,0.05306171625852585,0.05892699211835861,0.4340849369764328
ssp585,insurance,Mali,teff,0.0,0.0,0.0,0.0
ssp585,insurance,Mali,other,-0.018003638833761215,-0.018984793685376644,-0.01640789909288287,0.05913722142577171
ssp585,insurance,Mali,rice,-0.042360585648566484,-0.04404866974800825,-0.04072294011712074,0.11286686919629574
ssp585,insurance,Mali,wheat_barley,0.0,0.0,0.0,0.0
ssp585,insurance,Nigeria,maize,0.04352467134594917,0.04257604852318764,0.04483978822827339,0.16255632415413857
ssp585,insurance,Nigeria,tree_crops,-0.010074865422211587,-0.010481147561222315,-0.009590830653905869,0.04676481056958437
ssp585,insurance,Nigeria,tubers,-0.08735042996704578,-0.08880080468952656,-0.08551188930869102,0.3071940317749977
ssp585,insurance,Nigeria,legumes,0.009762230329215527,0.00919836014509201,0.010464323684573174,0.13231385126709938
ssp585,insurance,Nigeria,sorghum_millet,0.06222236156463623,0.0602850541472435,0.06363031268119812,0.2525235004723072
ssp585,insurance,Nigeria,teff,0.0,0.0,0.0,0.0
ssp585,insurance,Nigeria,other,-0.0033563992474228144,-0.003737460821866989,-0.00297342985868454,0.05310905305668712
ssp585,insurance,Nigeria,rice,-0.014640452340245247,-0.015266377478837967,-0.014016503468155861,0.04558158293366432
ssp585,insurance,Nigeria,wheat_barley,3.8596626836806536e-06,1.7782222130335867e-06,6.1142782215029e-06,0.00016407448129029945
ssp585,insurance,Tanzania,maize,0.044499367475509644,0.042644746601581573,0.04616954177618027,0.29091310128569603
ssp585,insurance,Tanzania,tree_crops,-0.008910939621273428,-0.009421090362593532,-0.008445659070275724,0.053043418331071734
ssp585,insurance,Tanzania,tubers,-0.004734270507469773,-0.005109691061079502,-0.004328904557041824,0.10385755798779428
ssp585,insurance,Tanzania,legumes,0.027903633657842875,0.026261651422828436,0.029375537298619747,0.09253345604520291
ssp585,insurance,Tanzania,sorghum_millet,0.010922867339104414,0.00999966124072671,0.012322265654802322,0.025377202546223998
ssp585,insurance,Tanzania,teff,0.0,0.0,0.0,0.0
ssp585,insurance,Tanzania,other,-0.05641016084700823,-0.058462079614400864,-0.05477183125913143,0.37787464912980795
ssp585,insurance,Tanzania,rice,-0.013459198642522097,-0.015050568617880344,-0.0118821756914258,0.055247485637664795
ssp585,insurance,Tanzania,wheat_barley,0.00019262701971456409,0.00012298417277634144,0.0002655419521033764,0.0013386090286076069
ssp585,insurance,Uganda,maize,0.004455462098121643,0.004246141761541367,0.004618275910615921,0.12411375343799591
ssp585,insurance,Uganda,tree_crops,-0.04797562933526933,-0.04878120659850538,-0.04711802862584591,0.35854902560822666
ssp585,insurance,Uganda,tubers,0.021158158546313643,0.020663951407186687,0.021492183324880898,0.18371026747627184
ssp585,insurance,Uganda,legumes,0.016183126193936914,0.01587530691176653,0.016493465518578887,0.2239737471099943
ssp585,insurance,Uganda,sorghum_millet,0.017334543634206057,0.016726023517549038,0.01823629066348076,0.04888562299311161
ssp585,insurance,Uganda,teff,0.0,0.0,0.0,0.0
ssp585,insurance,Uganda,other,-0.010491104214452207,-0.010837469715625048,-0.010165975894778967,0.052016420755535364
ssp585,insurance,Uganda,rice,-0.000698110437951982,-0.0007675851229578257,-0.0006146267987787724,0.008711627568118274
ssp585,insurance,Uganda,wheat_barley,0.0,0.0,0.0,0.0
ssp585,none,Ethiopia,maize,0.0028364211320877075,0.002613067626953125,0.0031077638268470764,0.1280706413090229
ssp585,none,Ethiopia,tree_crops,0.009531629271805286,0.00870511308312416,0.010286176577210426,0.333287063986063
ssp585,none,Ethiopia,tubers,-0.004004994872957468,-0.004331913543865085,-0.003784063272178173,0.06516734918113798
ssp585,none,Ethiopia,legumes,0.0003018318675458431,0.000127280130982399,0.0004527997225522995,0.08825611649081111
ssp585,none,Ethiopia,sorghum_millet,-0.0004563126713037491,-0.0007474496960639954,-0.0002394169569015503,0.1144692674279213
ssp585,none,Ethiopia,teff,-0.0051733506843447685,-0.00535120815038681,-0.005002152174711227,0.07900177966803312
ssp585,none,Ethiopia,other,0.0015343662817031145,0.0014216280542314053,0.0016773487441241741,0.09550956659950316
ssp585,none,Ethiopia,rice,-0.0002657288277987391,-0.000298046856187284,-0.00022570003056898713,0.0023708831577096134
ssp585,none,Ethiopia,wheat_barley,-0.004306920804083347,-0.004562975838780403,-0.004124768078327179,0.09380923304706812
ssp585,none,Malawi,maize,-0.0062564462423324585,-0.006978154182434082,-0.0054104626178741455,0.6459575667977333
ssp585,none,Malawi,tree_crops,0.0031350739300251007,0.002578951418399811,0.003561943769454956,0.07890075817704201
ssp585,none,Malawi,tubers,0.0002640257007442415,0.00019552744925022125,0.00033321441151201725,0.019391698064282537
ssp585,none,Malawi,legumes,0.004109933972358704,0.0033579785376787186,0.004601750522851944,0.17109413258731365
ssp585,none,Malawi,sorghum_millet,0.0003001042641699314,0.00024214014410972595,0.0003581536002457142,0.015398052288219333
ssp585,none,Malawi,teff,0.0,0.0,0.0,0.0
ssp585,none,Malawi,other,-0.001308669801801443,-0.0017536301165819168,-0.0008370662108063698,0.06759434193372726
ssp585,none,Malawi,rice,-0.00017955247312784195,-0.00023067672736942768,-0.000115032191388309,0.0016708573675714433
ssp585,none,Malawi,wheat_barley,0.0,0.0,0.0,0.0
ssp585,none,Mali,maize,-0.011747609823942184,-0.012291710823774338,-0.01137905940413475,0.15205582976341248
ssp585,none,Mali,tree_crops,0.008258431917056441,0.007307758089154959,0.008990299887955189,0.18448114464990795
ssp585,none,Mali,tubers,0.000375310773961246,0.0003026513149961829,0.00043066043872386217,0.006133521150331944
ssp585,none,Mali,legumes,0.0026097699301317334,0.0021904404275119305,0.002937554381787777,0.050885338918305933
ssp585,none,Mali,sorghum_millet,0.016013190150260925,0.015319004654884338,0.016604512929916382,0.4340849369764328
ssp585,none,Mali,teff,0.0,0.0,0.0,0.0
ssp585,none,Mali,other,-0.0050680991262197495,-0.005638383328914642,-0.004508315585553646,0.05913722142577171
ssp585,none,Mali,rice,-0.010370954871177673,-0.01084122434258461,-0.009692452847957611,0.11286686919629574
ssp585,none,Mali,wheat_barley,0.0,0.0,0.0,0.0
ssp585,none,Nigeria,maize,-0.00620051845908165,-0.00651482492685318,-0.005819704383611679,0.16255632415413857
ssp585,none,Nigeria,tree_crops,0.0009084722260013223,0.0008326168172061443,0.0009727692231535912,0.04676481056958437
ssp585,none,Nigeria,tubers,0.033931273967027664,0.033032242208719254,0.035092584788799286,0.3071940317749977
ssp585,none,Nigeria,legumes,-0.011210890486836433,-0.011476133018732071,-0.010971451178193092,0.13231385126709938
ssp585,none,Nigeria,sorghum_millet,-0.014069803059101105,-0.014688871800899506,-0.013327687978744507,0.2525235004723072
ssp585,none,Nigeria,teff,0.0,0.0,0.0,0.0
ssp585,none,Nigeria,other,-0.0015741116367280483,-0.0016796020790934563,-0.0014880979433655739,0.05310905305668712
ssp585,none,Nigeria,rice,-0.001841504592448473,-0.002046641893684864,-0.0016856193542480469,0.04558158293366432
ssp585,none,Nigeria,wheat_barley,-1.783120387699455e-05,-2.8002745239064097e-05,-8.210590749513358e-06,0.00016407448129029945
ssp585,none,Tanzania,maize,-0.009016696363687515,-0.009896762669086456,-0.008083745837211609,0.29091310128569603
ssp585,none,Tanzania,tree_crops,0.0011471546604298055,0.0010702417930588126,0.0012561543844640255,0.053043418331071734
ssp585,none,Tanzania,tubers,-0.0015277834609150887,-0.0017637573182582855,-0.0013089680578559637,0.10385755798779428
ssp585,none,Tanzania,legumes,-0.003744580433703959,-0.004134016111493111,-0.0034198942594230175,0.09253345604520291
ssp585,none,Tanzania,sorghum_millet,-0.0009756488725543022,-0.001126960851252079,-0.0007621599361300468,0.025377202546223998
ssp585,none,Tanzania,teff,0.0,0.0,0.0,0.0
ssp585,none,Tanzania,other,0.024050561245530844,0.02279983926564455,0.02516717091202736,0.37787464912980795
ssp585,none,Tanzania,rice,-0.009769434109330177,-0.010888881050050259,-0.008953582495450974,0.055247485637664795
ssp585,none,Tanzania,wheat_barley,-0.00011246633948758245,-0.00015960424207150936,-7.58522073738277e-05,0.0013386090286076069
ssp585,none,Uganda,maize,0.004500003531575203,0.004076864570379257,0.005008287727832794,0.12411375343799591
ssp585,none,Uganda,tree_crops,0.004294899175874889,0.0033201437909156084,0.005317728267982602,0.35854902560822666
ssp585,none,Uganda,tubers,-0.0025040468317456543,-0.0027641826309263706,-0.0023005472030490637,0.18371026747627184
ssp585,none,Uganda,legumes,2.469751052558422e-06,-0.00047375354915857315,0.0004412839189171791,0.2239737471099943
ssp585,none,Uganda,sorghum_millet,-0.0027834647335112095,-0.0029465416446328163,-0.0025633182376623154,0.04888562299311161
ssp585,none,Uganda,teff,0.0,0.0,0.0,0.0
ssp585,none,Uganda,other,-0.0035433301236480474,-0.003676022868603468,-0.003400689922273159,0.052016420755535364
ssp585,none,Uganda,rice,3.363529685884714e-05,3.2619573175907135e-07,6.742682307958603e-05,0.008711627568118274
ssp585,none,Uganda,wheat_barley,0.0,0.0,0.0,0.0
ssp585,safety_net,Ethiopia,maize,0.042404474690556526,0.041453778743743896,0.04345250874757767,0.1280706413090229
ssp585,safety_net,Ethiopia,tree_crops,-0.10583193367347121,-0.10762783885002136,-0.10458008386194706,0.333287063986063
ssp585,safety_net,Ethiopia,tubers,-0.0242678364738822,-0.024955933913588524,-0.02359797852113843,0.06516734918113798
ssp585,safety_net,Ethiopia,legumes,0.03095028828829527,0.03015178721398115,0.031784689985215664,0.08825611649081111
ssp585,safety_net,Ethiopia,sorghum_millet,0.040573881939053535,0.03937450796365738,0.04141364246606827,0.1144692674279213
ssp585,safety_net,Ethiopia,teff,-0.01616646535694599,-0.016685448586940765,-0.015599586069583893,0.07900177966803312
ssp585,safety_net,Ethiopia,other,0.008495232090353966,0.008022654335945845,0.009042467223480344,0.09550956659950316
ssp585,safety_net,Ethiopia,rice,-0.0008093454962363467,-0.0009012350346893072,-0.0007021352939773351,0.0023708831577096134
ssp585,safety_net,Ethiopia,wheat_barley,0.024778149090707302,0.024024024605751038,0.025480562821030617,0.09380923304706812
ssp585,safety_net,Malawi,maize,-0.041908904910087585,-0.04526609182357788,-0.03825432062149048,0.6459575667977333
ssp585,safety_net,Malawi,tree_crops,0.006699312478303909,0.005739368498325348,0.007674582302570343,0.07890075817704201
ssp585,safety_net,Malawi,tubers,-0.00029826833633705974,-0.000472503830678761,-6.749090971425176e-05,0.019391698064282537
ssp585,safety_net,Malawi,legumes,0.04067190643399954,0.03808976337313652,0.04382668435573578,0.17109413258731365
ssp585,safety_net,Malawi,sorghum_millet,0.012883587507531047,0.010944406501948833,0.01464322442188859,0.015398052288219333
ssp585,safety_net,Malawi,teff,0.0,0.0,0.0,0.0
ssp585,safety_net,Malawi,other,-0.017614031676203012,-0.01896827667951584,-0.01637784205377102,0.06759434193372726
ssp585,safety_net,Malawi,rice,-0.0005451486795209348,-0.0007059952476993203,-0.0003656793269328773,0.0016708573675714433
ssp585,safety_net,Malawi,wheat_barley,0.0,0.0,0.0,0.0
ssp585,safety_net,Mali,maize,-0.006861220113933086,-0.009034259244799614,-0.0048841387033462524,0.15205582976341248
ssp585,safety_net,Mali,tree_crops,-0.02718821685994044,-0.029384340392425656,-0.02523553546052426,0.18448114464990795
ssp585,safety_net,Mali,tubers,-0.0010540891962591559,-0.0013047803950030357,-0.0006642950465902686,0.006133521150331944
ssp585,safety_net,Mali,legumes,0.046394226141273975,0.042190074222162366,0.05058325012214482,0.050885338918305933
ssp585,safety_net,Mali,sorghum_millet,0.05928024277091026,0.05628158897161484,0.06371553987264633,0.4340849369764328
ssp585,safety_net,Mali,teff,0.0,0.0,0.0,0.0
ssp585,safety_net,Mali,other,-0.02195237693376839,-0.02319250861182809,-0.020182818174362183,0.05913722142577171
ssp585,safety_net,Mali,rice,-0.048615803476423025,-0.05033475626260042,-0.04663540795445442,0.11286686919629574
ssp585,safety_net,Mali,wheat_barley,0.0,0.0,0.0,0.0
ssp585,safety_net,Nigeria,maize,0.04792019538581371,0.04664968326687813,0.04913841560482979,0.16255632415413857
ssp585,safety_net,Nigeria,tree_crops,-0.01209843170363456,-0.0126311001367867,-0.011517141596414149,0.04676481056958437
ssp585,safety_net,Nigeria,tubers,-0.12007077317684889,-0.122363505885005,-0.11851608566939831,0.3071940317749977
ssp585,safety_net,Nigeria,legumes,0.015381183475255966,0.014526031911373138,0.016198445111513138,0.13231385126709938
ssp585,safety_net,Nigeria,sorghum_millet,0.08927232399582863,0.0873338133096695,0.09134431928396225,0.2525235004723072
ssp585,safety_net,Nigeria,teff,0.0,0.0,0.0,0.0
ssp585,safety_net,Nigeria,other,-0.002930272137746215,-0.003376167733222246,-0.002425622195005417,0.05310905305668712
ssp585,safety_net,Nigeria,rice,-0.01738358405418694,-0.018120238091796637,-0.016689755488187075,0.04558158293366432
ssp585,safety_net,Nigeria,wheat_barley,6.4750274759717286e-06,2.823413524311036e-06,1.0059884516522288e-05,0.00016407448129029945
ssp585,safety_net,Tanzania,maize,0.05704357102513313,0.05465163290500641,0.059119485318660736,0.29091310128569603
ssp585,safety_net,Tanzania,tree_crops,-0.012389717070618644,-0.013149272766895592,-0.011741000576876104,0.053043418331071734
ssp585,safety_net,Tanzania,tubers,-0.005865994840860367,-0.006353422300890088,-0.005216824589297175,0.10385755798779428
ssp585,safety_net,Tanzania,legumes,0.038583365618251264,0.03624297073110938,0.040284774731844664,0.09253345604520291
ssp585,safety_net,Tanzania,sorghum_millet,0.016060039401054382,0.014675699174404144,0.018057722598314285,0.025377202546223998
ssp585,safety_net,Tanzania,teff,0.0,0.0,0.0,0.0
ssp585,safety_net,Tanzania,other,-0.07495700474828482,-0.07774845603853464,-0.07255810499191284,0.37787464912980795
ssp585,safety_net,Tanzania,rice,-0.018601879011839628,-0.020380129106342793,-0.016982111148536205,0.055247485637664795
ssp585,safety_net,Tanzania,wheat_barley,0.00022411474492400885,0.00014232046669349074,0.00030717882327735424,0.0013386090286076069
ssp585,safety_net,Uganda,maize,0.009653089568018913,0.009392987936735153,0.00986834242939949,0.12411375343799591
ssp585,safety_net,Uganda,tree_crops,-0.07749318517744541,-0.07850961200892925,-0.07663611299358308,0.35854902560822666
ssp585,safety_net,Uganda,tubers,0.027062698092777282,0.026583935017697513,0.027669574366882443,0.18371026747627184
ssp585,safety_net,Uganda,legumes,0.027972689946182072,0.02748822490684688,0.028444387018680573,0.2239737471099943
ssp585,safety_net,Uganda,sorghum_millet,0.02708281110972166,0.025840595364570618,0.02790440060198307,0.04888562299311161
ssp585,safety_net,Uganda,teff,0.0,0.0,0.0,0.0
ssp585,safety_net,Uganda,other,-0.012594000319950283,-0.012967939022928476,-0.012184323044493794,0.052016420755535364
ssp585,safety_net,Uganda,rice,-0.0016972796292975545,-0.0018227607943117619,-0.001538298325613141,0.008711627568118274
ssp585,safety_net,Uganda,wheat_barley,0.0,0.0,0.0,0.0
ssp585,transfer,Ethiopia,maize,0.018982425332069397,0.01843409612774849,0.019468937069177628,0.1280706413090229
ssp585,transfer,Ethiopia,tree_crops,-0.04597710631787777,-0.047061676159501076,-0.045126182958483696,0.333287063986063
ssp585,transfer,Ethiopia,tubers,-0.011270375456660986,-0.011683574877679348,-0.010890659526921809,0.06516734918113798
ssp585,transfer,Ethiopia,legumes,0.01140684075653553,0.011107506230473518,0.011878090910613537,0.08825611649081111
ssp585,transfer,Ethiopia,sorghum_millet,0.017866848036646843,0.01735137403011322,0.018300041556358337,0.1144692674279213
ssp585,transfer,Ethiopia,teff,-0.002176612615585327,-0.0023425165563821793,-0.0019724108278751373,0.07900177966803312
ssp585,transfer,Ethiopia,other,0.0026318978052586317,0.0024118071887642145,0.0028925808146595955,0.09550956659950316
ssp585,transfer,Ethiopia,rice,-0.00035315583227202296,-0.00039992487290874124,-0.0003041346208192408,0.0023708831577096134
ssp585,transfer,Ethiopia,wheat_barley,0.008942496962845325,0.00859360583126545,0.00923735462129116,0.09380923304706812
ssp585,transfer,Malawi,maize,-0.017847098410129547,-0.019001826643943787,-0.01593397557735443,0.6459575667977333
ssp585,transfer,Malawi,tree_crops,0.0029616840183734894,0.0022477656602859497,0.0035479366779327393,0.07890075817704201
ssp585,transfer,Malawi,tubers,5.543831503018737e-05,-2.5084707885980606e-05,0.00014455546624958515,0.019391698064282537
ssp585,transfer,Malawi,legumes,0.020128056406974792,0.01869623176753521,0.021714845672249794,0.17109413258731365
ssp585,transfer,Malawi,sorghum_millet,0.002935087773948908,0.002548056188970804,0.003319687210023403,0.015398052288219333
ssp585,transfer,Malawi,teff,0.0,0.0,0.0,0.0
ssp585,transfer,Malawi,other,-0.007968446239829063,-0.008699332363903522,-0.007327644154429436,0.06759434193372726
ssp585,transfer,Malawi,rice,-0.00022566126426681876,-0.00029171735513955355,-0.0001415898441337049,0.0016708573675714433
ssp585,transfer,Malawi,wheat_barley,0.0,0.0,0.0,0.0
ssp585,transfer,Mali,maize,-0.007470922544598579,-0.008333764970302582,-0.006499476730823517,0.15205582976341248
ssp585,transfer,Mali,tree_crops,0.002956272568553686,0.0017658690921962261,0.0037478606682270765,0.18448114464990795
ssp585,transfer,Mali,tubers,-0.00048387426068075,-0.0006139554316177964,-0.0003405738971196115,0.006133521150331944
ssp585,transfer,Mali,legumes,0.0075152210192754865,0.006422133184969425,0.008510397747159004,0.050885338918305933
ssp585,transfer,Mali,sorghum_millet,0.039445433765649796,0.0374336838722229,0.04099389165639877,0.4340849369764328
ssp585,transfer,Mali,teff,0.0,0.0,0.0,0.0
ssp585,transfer,Mali,other,-0.014011027058586478,-0.014787845779210329,-0.01274544047191739,0.05913722142577171
ssp585,transfer,Mali,rice,-0.027862856164574623,-0.029029304161667824,-0.026751136407256126,0.11286686919629574
ssp585,transfer,Mali,wheat_barley,0.0,0.0,0.0,0.0
ssp585,transfer,Nigeria,maize,0.021390225738286972,0.020824365317821503,0.02224230393767357,0.16255632415413857
ssp585,transfer,Nigeria,tree_crops,-0.006403839855920523,-0.006669844267889857,-0.0060457512736320496,0.04676481056958437
ssp585,transfer,Nigeria,tubers,-0.046538444235920906,-0.04767094552516937,-0.045151520520448685,0.3071940317749977
ssp585,transfer,Nigeria,legumes,0.0066697364673018456,0.006307745352387428,0.006950192153453827,0.13231385126709938
ssp585,transfer,Nigeria,sorghum_millet,0.03692923113703728,0.03576428443193436,0.03806155174970627,0.2525235004723072
ssp585,transfer,Nigeria,teff,0.0,0.0,0.0,0.0
ssp585,transfer,Nigeria,other,-0.0025619452353566885,-0.002800591289997101,-0.002368615008890629,0.05310905305668712
ssp585,transfer,Nigeria,rice,-0.009444418828934431,-0.009893745183944702,-0.009019984863698483,0.04558158293366432
ssp585,transfer,Nigeria,wheat_barley,1.641936250962317e-06,6.507252692244947e-07,2.5285553419962525e-06,0.00016407448129029945
ssp585,transfer,Tanzania,maize,0.02501506358385086,0.023897290229797363,0.026527196168899536,0.29091310128569603
ssp585,transfer,Tanzania,tree_crops,-0.004064484965056181,-0.004299194668419659,-0.0038487606216222048,0.053043418331071734
ssp585,transfer,Tanzania,tubers,-0.0008625141344964504,-0.0010483136866241693,-0.0006881419103592634,0.10385755798779428
ssp585,transfer,Tanzania,legumes,0.013851273572072387,0.012839113362133503,0.014501879923045635,0.09253345604520291
ssp585,transfer,Tanzania,sorghum_millet,0.005289695458486676,0.004812748171389103,0.005931650288403034,0.025377202546223998
ssp585,transfer,Tanzania,teff,0.0,0.0,0.0,0.0
ssp585,transfer,Tanzania,other,-0.03046547109261155,-0.03138282988220453,-0.02935843449085951,0.37787464912980795
ssp585,transfer,Tanzania,rice,-0.009023662656545639,-0.010401777923107147,-0.00780126079916954,0.055247485637664795
ssp585,transfer,Tanzania,wheat_barley,0.00017086719162762165,0.00011720421025529504,0.00024208123795688152,0.0013386090286076069
ssp585,transfer,Uganda,maize,0.012669438496232033,0.012267451733350754,0.013226896524429321,0.12411375343799591
ssp585,transfer,Uganda,tree_crops,-0.04931351693812758,-0.050485138315707445,-0.04815169866196811,0.35854902560822666
ssp585,transfer,Uganda,tubers,0.015505418821703643,0.015165513730607927,0.015834715915843844,0.18371026747627184
ssp585,transfer,Uganda,legumes,0.024087543017230928,0.023441802244633436,0.02462141215801239,0.2239737471099943
ssp585,transfer,Uganda,sorghum_millet,0.00818111002445221,0.007876290008425713,0.008625978603959084,0.04888562299311161
ssp585,transfer,Uganda,teff,0.0,0.0,0.0,0.0
ssp585,transfer,Uganda,other,-0.010354380938224494,-0.010664916597306728,-0.01000265427865088,0.052016420755535364
ssp585,transfer,Uganda,rice,-0.0008004866540431976,-0.0008883271366357803,-0.0007245545275509357,0.008711627568118274
ssp585,transfer,Uganda,wheat_barley,0.0,0.0,0.0,0.0
