climate,policy,metric,country,delta_median,delta_lo,delta_hi,cost_median,per_dollar_median,per_dollar_lo,per_dollar_hi,share_finite
baseline,transfer,exp_income,Ethiopia,0.04778289794921875,0.004669189453125,0.09033203125,1.9856468439102173,0.024064147205110603,0.0023514702362330657,0.04549249607352859,1.0
baseline,transfer,exp_income,Malawi,1.4591064453125,1.4177589416503906,1.4949951171875,1.9123499393463135,0.7629913413291174,0.7413700350967221,0.7817581324569314,1.0
baseline,transfer,exp_income,Mali,7.517936706542969,7.3223419189453125,7.7499847412109375,12.995691299438477,0.5784945589518433,0.5634438176645286,0.5963503258611416,1.0
baseline,transfer,exp_income,Nigeria,4.509391784667969,4.4143829345703125,4.608245849609375,10.273679733276367,0.43892664573357143,0.4296788540402093,0.4485487156742197,1.0
baseline,transfer,exp_income,Tanzania,1.5937347412109375,1.5400009155273438,1.6519546508789062,2.602651596069336,0.6123503981930893,0.5917045976699823,0.6347198577688142,1.0
baseline,transfer,exp_income,Uganda,1.6445884704589844,1.6290664672851562,1.6574363708496094,2.545980930328369,0.6459547480769515,0.6398580790135953,0.6510010939617842,1.0
baseline,transfer,p_below_theta,Ethiopia,-0.041857220232486725,-0.04226258397102356,-0.04150494933128357,1.9856468439102173,-0.021079891603513833,-0.0212840385492711,-0.020902482965979147,1.0
baseline,transfer,p_below_theta,Malawi,-0.05639679729938507,-0.056604206562042236,-0.05616763234138489,1.9123499393463135,-0.029490835405711797,-0.02959929320330927,-0.02937100118850858,1.0
baseline,transfer,p_below_theta,Mali,-0.05144452303647995,-0.05197116732597351,-0.05092830955982208,12.995691299438477,-0.003958583029646356,-0.003999107560227989,-0.0039188611353074086,1.0
baseline,transfer,p_below_theta,Nigeria,-0.04969320446252823,-0.04999774694442749,-0.04936519265174866,10.273679733276367,-0.004836943116065058,-0.004866586095971552,-0.004805015723028156,1.0
baseline,transfer,p_below_theta,Tanzania,-0.0605161115527153,-0.06074373424053192,-0.0602814257144928,2.602651596069336,-0.02325171438394212,-0.023339172377997257,-0.023161542561260615,1.0
baseline,transfer,p_below_theta,Uganda,-0.03864066302776337,-0.038741737604141235,-0.03853127360343933,2.545980930328369,-0.0151771219365652,-0.015216821596202804,-0.015134156404883104,1.0
baseline,transfer,switch_share,Ethiopia,0.0551731251180172,0.054546453058719635,0.056061383336782455,1.9856468439102173,0.027785970746624818,0.027470369782022528,0.028233310222669845,1.0
baseline,transfer,switch_share,Malawi,0.020547371357679367,0.018900716677308083,0.022219635546207428,1.9123499393463135,0.010744566637580433,0.009883503164577083,0.011619021753833728,1.0
baseline,transfer,switch_share,Mali,0.05179264768958092,0.05016741901636124,0.05310775339603424,12.995691299438477,0.003985370727590212,0.003860311687961447,0.004086566245100709,1.0
baseline,transfer,switch_share,Nigeria,0.08443824201822281,0.08314086496829987,0.08590377867221832,10.273679733276367,0.008218889843794527,0.008092608211156054,0.00836153947781501,1.0
baseline,transfer,switch_share,Tanzania,0.05305510573089123,0.05143554508686066,0.05467507988214493,2.602651596069336,0.020385020342721973,0.019762747024819373,0.021007452539832133,1.0
baseline,transfer,switch_share,Uganda,0.049803802743554115,0.04915042221546173,0.0504952073097229,2.545980930328369,0.019561734398823895,0.01930510226136004,0.01983330146279228,1.0
baseline,transfer,cv_log,Ethiopia,0.16613278537988663,0.1443352997303009,0.18201826512813568,1.9856468439102173,0.0836668342557487,0.07268931037407936,0.09166698785656055,1.0
baseline,transfer,cv_log,Mali,0.38496945798397064,0.3656074106693268,0.4101428985595703,12.995691299438477,0.02962285338376763,0.02813297132451308,0.03155991390602606,1.0
baseline,transfer,cv_log,Nigeria,0.3013651818037033,0.29017066955566406,0.3126390278339386,10.273679733276367,0.02933371388126728,0.028244083628167185,0.030431066175958674,1.0
baseline,transfer,cv_log,Tanzania,-21.890724182128906,-81.3343276977539,-3.1025290489196777,2.602651596069336,-8.410931457437274,-31.25056301065781,-1.192064682651064,1.0
baseline,transfer,cv_log,Uganda,0.51304492354393,0.49276649951934814,0.5329853296279907,2.545980930328369,0.20151169140051645,0.19354681476573093,0.2093438027280309,1.0
baseline,transfer,cv_pct,Ethiopia,0.1807298779464458,0.15527140578173526,0.19963610518693864,1.9856468439102173,0.09101813774223069,0.07819688896740995,0.10053958275571653,1.0
baseline,transfer,cv_pct,Mali,0.4695694373032926,0.432401462330984,0.49784557125530116,12.995691299438477,0.036132701715035506,0.03327267879544564,0.038308510088787065,1.0
baseline,transfer,cv_pct,Nigeria,0.3517028788037381,0.3366555949759329,0.36702798290234173,10.273679733276367,0.034233389392563526,0.03276874534890435,0.03572507538010369,1.0
baseline,transfer,cv_pct,Tanzania,-0.9999999996888432,-1.0,-0.9760661031147422,2.602651596069336,-0.38422353618098437,-0.3842235363005381,-0.37502756980183194,1.0
baseline,transfer,cv_pct,Uganda,0.6703696073142753,0.6368382742396761,0.704011759720935,2.545980930328369,0.26330503867042476,0.25013473850235773,0.2765188660034994,1.0
baseline,transfer,ce_rho2.5,Ethiopia,2.3808326721191406,2.364900588989258,2.399463653564453,1.9856468439102173,1.1990212053170075,1.1909975815901876,1.2084040326321728,1.0
baseline,transfer,ce_rho2.5,Malawi,2.3853797912597656,2.372692108154297,2.396697998046875,1.9123499393463135,1.2473552785402577,1.240720675299281,1.2532737595432577,1.0
baseline,transfer,ce_rho2.5,Mali,12.881752014160156,12.724411010742188,13.06903076171875,12.995691299438477,0.9912325337180605,0.9791253668276954,1.0056433675277776,1.0
baseline,transfer,ce_rho2.5,Nigeria,12.814231872558594,12.786712646484375,12.846412658691406,10.273679733276367,1.2472874573901112,1.244608843029077,1.2504198098644226,1.0
baseline,transfer,ce_rho2.5,Tanzania,3.4140195846557617,3.399738311767578,3.439027786254883,2.602651596069336,1.3117466778157312,1.3062594766437603,1.3213554174706623,1.0
baseline,transfer,ce_rho2.5,Uganda,3.3129405975341797,3.3105592727661133,3.3152294158935547,2.545980930328369,1.3012432882232514,1.3003079611987245,1.302142280958079,1.0
baseline,contraction,exp_income,Ethiopia,-8.318819046020508,-8.354564666748047,-8.272266387939453,0.0,,,,1.0
baseline,contraction,exp_income,Malawi,-7.493541717529297,-7.510662078857422,-7.476463317871094,0.0,,,,1.0
baseline,contraction,exp_income,Mali,-11.455558776855469,-11.7705078125,-11.100860595703125,0.0,,,,1.0
baseline,contraction,exp_income,Nigeria,-26.698890686035156,-26.813949584960938,-26.59429931640625,0.0,,,,1.0
baseline,contraction,exp_income,Tanzania,-13.854715347290039,-13.909626007080078,-13.793571472167969,0.0,,,,1.0
baseline,contraction,exp_income,Uganda,-8.559249877929688,-8.588603973388672,-8.516925811767578,0.0,,,,1.0
baseline,contraction,p_below_theta,Ethiopia,-0.04998213052749634,-0.050219446420669556,-0.04973907768726349,0.0,,,,1.0
baseline,contraction,p_below_theta,Malawi,-0.11026196926832199,-0.11049601435661316,-0.11004751920700073,0.0,,,,1.0
baseline,contraction,p_below_theta,Mali,-0.057253338396549225,-0.05757804214954376,-0.05699580907821655,0.0,,,,1.0
baseline,contraction,p_below_theta,Nigeria,-0.059696272015571594,-0.05985572934150696,-0.05957520008087158,0.0,,,,1.0
baseline,contraction,p_below_theta,Tanzania,-0.14660880342125893,-0.14679042249917984,-0.14642459899187088,0.0,,,,1.0
baseline,contraction,p_below_theta,Uganda,-0.0553760826587677,-0.05549418926239014,-0.055272072553634644,0.0,,,,1.0
baseline,contraction,switch_share,Ethiopia,0.07531179487705231,0.07377012073993683,0.07678936421871185,0.0,,,,1.0
baseline,contraction,switch_share,Malawi,0.030873051844537258,0.028123151510953903,0.033237822353839874,0.0,,,,1.0
baseline,contraction,switch_share,Mali,0.013379247859120369,0.011913466267287731,0.015438387170433998,0.0,,,,1.0
baseline,contraction,switch_share,Nigeria,0.0690670795738697,0.06639716029167175,0.07130330801010132,0.0,,,,1.0
baseline,contraction,switch_share,Tanzania,0.10896280407905579,0.10563098639249802,0.11286409944295883,0.0,,,,1.0
baseline,contraction,switch_share,Uganda,0.08598485216498375,0.08421596884727478,0.08800416439771652,0.0,,,,1.0
baseline,contraction,cv_log,Ethiopia,1.2959759831428528,1.1912845373153687,1.361314296722412,0.0,,,,1.0
baseline,contraction,cv_log,Mali,1.123831570148468,1.0482794046401978,1.2110595703125,0.0,,,,1.0
baseline,contraction,cv_log,Nigeria,0.7471918761730194,0.7119340896606445,0.7851143479347229,0.0,,,,1.0
baseline,contraction,cv_log,Tanzania,81.64122009277344,11.820582389831543,304.1130676269531,0.0,,,,1.0
baseline,contraction,cv_log,Uganda,1.19643634557724,1.1070339679718018,1.2746374607086182,0.0,,,,1.0
baseline,contraction,cv_pct,Ethiopia,2.6545616796560205,2.2913062989155533,2.901317422451533,0.0,,,,1.0
baseline,contraction,cv_pct,Mali,2.0766202483048355,1.8527384843488437,2.3570397884559116,0.0,,,,1.0
baseline,contraction,cv_pct,Nigeria,1.1110635599509953,1.0333514356032096,1.1877453320523932,0.0,,,,1.0
baseline,contraction,cv_pct,Tanzania,2.8597718187122755e+35,136022.42463251323,1.1874823002216767e+132,0.0,,,,1.0
baseline,contraction,cv_pct,Uganda,2.308306296405129,2.0184439616755987,2.569245132579153,0.0,,,,1.0
baseline,contraction,ce_rho2.5,Ethiopia,16.997743606567383,16.914621353149414,17.085023880004883,0.0,,,,1.0
baseline,contraction,ce_rho2.5,Malawi,13.28740119934082,13.217042922973633,13.345783233642578,0.0,,,,1.0
baseline,contraction,ce_rho2.5,Mali,49.02561950683594,48.55525207519531,49.51112365722656,0.0,,,,1.0
baseline,contraction,ce_rho2.5,Nigeria,48.864017486572266,48.78887939453125,48.961692810058594,0.0,,,,1.0
baseline,contraction,ce_rho2.5,Tanzania,19.689749717712402,19.57828140258789,19.81388282775879,0.0,,,,1.0
baseline,contraction,ce_rho2.5,Uganda,12.96985387802124,12.938706398010254,12.994359016418457,0.0,,,,1.0
baseline,safety_net,exp_income,Ethiopia,-3.701814651489258,-3.8218650817871094,-3.6045379638671875,1.9400118589401245,-1.9081402180250842,-1.9700215048556904,-1.8579979020522246,1.0
baseline,safety_net,exp_income,Malawi,0.34334754943847656,0.23902511596679688,0.43010711669921875,1.392106294631958,0.2466388886843228,0.1717003341544331,0.3089614050002766,1.0
baseline,safety_net,exp_income,Mali,-1.5967330932617188,-2.02569580078125,-1.14581298828125,8.808526039123535,-0.18127131442533564,-0.2299698941439254,-0.13007999104413848,1.0
baseline,safety_net,exp_income,Nigeria,-1.5686416625976562,-1.7375335693359375,-1.3054962158203125,8.409066200256348,-0.1865417188117554,-0.2066262207904808,-0.1552486548126491,1.0
baseline,safety_net,exp_income,Tanzania,-1.0618667602539062,-1.1893844604492188,-0.9198226928710938,1.578903317451477,-0.6725343778287043,-0.7532978411680176,-0.5825706252589223,1.0
baseline,safety_net,exp_income,Uganda,2.0289535522460938,2.0011749267578125,2.0555267333984375,3.647430658340454,0.5562692597339871,0.5486533163233124,0.5635547117799581,1.0
baseline,safety_net,p_below_theta,Ethiopia,-0.27631136775016785,-0.2768276631832123,-0.27572867274284363,1.9400118589401245,-0.14242766943761026,-0.14269379947731348,-0.14212731302244766,1.0
baseline,safety_net,p_below_theta,Malawi,-0.23876077681779861,-0.23928536474704742,-0.23822733759880066,1.392106294631958,-0.17151044984027003,-0.171887280209669,-0.17112726127122546,1.0
baseline,safety_net,p_below_theta,Mali,-0.19122261554002762,-0.19217707216739655,-0.19054429233074188,8.808526039123535,-0.021708809702179713,-0.02181716569989484,-0.021631802129485605,1.0
baseline,safety_net,p_below_theta,Nigeria,-0.24246574193239212,-0.24284635484218597,-0.24215909838676453,8.409066200256348,-0.028833848629352045,-0.028879110838107434,-0.028797382803263268,1.0
baseline,safety_net,p_below_theta,Tanzania,-0.2250775322318077,-0.22556263208389282,-0.2246178388595581,1.578903317451477,-0.14255308082771495,-0.14286031930566567,-0.14226193356925484,1.0
baseline,safety_net,p_below_theta,Uganda,-0.3495013564825058,-0.3496533930301666,-0.3493214547634125,3.647430658340454,-0.09582124767288258,-0.09586293086357275,-0.09577192481086134,1.0
baseline,safety_net,switch_share,Ethiopia,0.13435787707567215,0.13296853005886078,0.13666754961013794,1.9400118589401245,0.06925621431462543,0.06854006043628244,0.0704467598898095,1.0
baseline,safety_net,switch_share,Malawi,0.06454350054264069,0.05962257832288742,0.06939840316772461,1.392106294631958,0.046363916887326884,0.04282904154143654,0.04985136798485062,1.0
baseline,safety_net,switch_share,Mali,0.14848514646291733,0.14390262961387634,0.15198099613189697,8.808526039123535,0.01685697990826305,0.01633674339778587,0.01725385103669619,1.0
baseline,safety_net,switch_share,Nigeria,0.16460859030485153,0.16190728545188904,0.16702456772327423,8.409066200256348,0.019575133122371365,0.019253895925679994,0.019862439389308477,1.0
baseline,safety_net,switch_share,Tanzania,0.11012361943721771,0.10629186034202576,0.11404401063919067,1.578903317451477,0.06974690484213392,0.06732005637532795,0.07222988854268177,1.0
baseline,safety_net,switch_share,Uganda,0.08584536612033844,0.0848945826292038,0.0871521458029747,3.647430658340454,0.02353584595886389,0.023275173836431483,0.023894119989282564,1.0
baseline,safety_net,cv_log,Ethiopia,1.543948471546173,1.453460931777954,1.6094764471054077,1.9400118589401245,0.7958448627162875,0.7492020861006566,0.8296219632310411,1.0
baseline,safety_net,cv_log,Mali,1.0443276762962341,0.9852451682090759,1.1129193305969238,8.808526039123535,0.11855873180800028,0.11185130904229122,0.12634569343995053,1.0
baseline,safety_net,cv_log,Nigeria,0.922577828168869,0.8909236788749695,0.9507249593734741,8.409066200256348,0.10971228031725383,0.10594799204313672,0.11305951656611903,1.0
baseline,safety_net,cv_log,Tanzania,21.902385711669922,3.22310733795166,81.46710968017578,1.578903317451477,13.871897962075836,2.041358265782929,51.597275640456964,1.0
baseline,safety_net,cv_log,Uganda,1.5562567710876465,1.4858334064483643,1.609595775604248,3.647430658340454,0.4266720650409097,0.4073644013082909,0.44129578499967936,1.0
baseline,safety_net,cv_pct,Ethiopia,3.6830495312064873,3.2610879790958434,3.9828052340636466,1.9400118589401245,1.8984675347390023,1.680962909617189,2.052979839123019,1.0
baseline,safety_net,cv_pct,Mali,1.8414874822497616,1.678468479249796,2.043229632476487,8.808526039123535,0.20905739213015861,0.19055043622449308,0.23196044643580258,1.0
baseline,safety_net,cv_pct,Nigeria,1.515767541255845,1.4373799682316992,1.5875848734153402,8.409066200256348,0.18025396698739715,0.1709321741560176,0.1887944315823014,1.0
baseline,safety_net,cv_pct,Tanzania,3251511204.977339,24.106011964408836,2.4027920741137163e+35,1.578903317451477,2059347883.4572556,15.267566859836979,1.52181077052399e+35,1.0
baseline,safety_net,cv_pct,Uganda,3.741041186162069,3.4120086329978916,3.9933306702336795,3.647430658340454,1.0256647861440653,0.9354553801306048,1.0948338828874697,1.0
baseline,safety_net,ce_rho2.5,Ethiopia,3.6276731491088867,3.5990161895751953,3.664663314819336,1.9400118589401245,1.869923182372077,1.8551516440427458,1.8889901615454199,1.0
baseline,safety_net,ce_rho2.5,Malawi,4.051076889038086,4.040731430053711,4.062536239624023,1.392106294631958,2.9100341724330043,2.9026026573078534,2.9182658359418365,1.0
baseline,safety_net,ce_rho2.5,Mali,11.873619079589844,11.632125854492188,12.176528930664062,8.808526039123535,1.34796889137326,1.32055304177197,1.3823571476750325,1.0
baseline,safety_net,ce_rho2.5,Nigeria,18.259719848632812,18.196197509765625,18.298545837402344,8.409066200256348,2.171432524585925,2.1638784945242695,2.1760496827631726,1.0
baseline,safety_net,ce_rho2.5,Tanzania,5.831056594848633,5.806207656860352,5.871622085571289,1.578903317451477,3.6931055438281026,3.677367444025773,3.7187977380709607,1.0
baseline,safety_net,ce_rho2.5,Uganda,6.275791168212891,6.269465446472168,6.28272819519043,3.647430658340454,1.7206060254667914,1.718871730196158,1.722507919601962,1.0
baseline,insurance,exp_income,Ethiopia,-3.5385818481445312,-3.600128173828125,-3.448314666748047,0.27160167694091797,-13.028571428571428,-13.25517653048684,-12.69622008813357,1.0
baseline,insurance,exp_income,Malawi,-0.9390392303466797,-1.0080528259277344,-0.8801612854003906,0.19489488005638123,-4.818183166612815,-5.172289932070634,-4.516082131792115,1.0
baseline,insurance,exp_income,Mali,-7.3227081298828125,-7.6560516357421875,-7.032440185546875,1.2331937551498413,-5.938002928820422,-6.208312038372207,-5.702623903323599,1.0
baseline,insurance,exp_income,Nigeria,-7.683563232421875,-7.81298828125,-7.508270263671875,1.1772692203521729,-6.526598249229165,-6.63653491162607,-6.377700303271177,1.0
baseline,insurance,exp_income,Tanzania,-2.0012054443359375,-2.0980682373046875,-1.9011917114257812,0.22104644775390625,-9.053325509957547,-9.491526593725192,-8.600869775308045,1.0
baseline,insurance,exp_income,Uganda,-1.2121467590332031,-1.227569580078125,-1.2003250122070312,0.5106402635574341,-2.3737782653264423,-2.4039811736076597,-2.350627433576877,1.0
baseline,insurance,p_below_theta,Ethiopia,-0.09694499522447586,-0.0976586788892746,-0.09636726975440979,0.27160167694091797,-0.356938132033568,-0.3595658170789515,-0.3548110263522885,1.0
baseline,insurance,p_below_theta,Malawi,-0.17700530961155891,-0.17735661566257477,-0.17659186199307442,0.19489488005638123,-0.9082091307906752,-0.910011671990907,-0.9060877430027309,1.0
baseline,insurance,p_below_theta,Mali,-0.17013954650610685,-0.17110397294163704,-0.16950996778905392,1.2331937551498413,-0.13796659754041146,-0.13874865342700893,-0.13745607053326128,1.0
baseline,insurance,p_below_theta,Nigeria,-0.15838264673948288,-0.1588541865348816,-0.1580786034464836,1.1772692203521729,-0.13453392308354387,-0.1349344600102272,-0.13427566160202115,1.0
baseline,insurance,p_below_theta,Tanzania,-0.20417783316224813,-0.20462719164788723,-0.20375585183501244,0.22104644775390625,-0.9236874658558722,-0.9257203349211982,-0.921778449305172,1.0
baseline,insurance,p_below_theta,Uganda,-0.017477810382843018,-0.01766142249107361,-0.01728886365890503,0.5106402635574341,-0.03422724690975569,-0.034586819237545585,-0.033857227666420533,1.0
baseline,insurance,switch_share,Ethiopia,0.10244308784604073,0.10108161717653275,0.10415740311145782,0.27160167694091797,0.3771813524859987,0.37216860482978986,0.3834932253901929,1.0
baseline,insurance,switch_share,Malawi,0.04942355863749981,0.04586540162563324,0.05304175242781639,0.19489488005638123,0.2535908517617397,0.23533405091177775,0.2721556995877568,1.0
baseline,insurance,switch_share,Mali,0.11195242404937744,0.10851984471082687,0.11500300467014313,1.2331937551498413,0.0907825097085206,0.08799902226040789,0.09325623341010958,1.0
baseline,insurance,switch_share,Nigeria,0.1331593096256256,0.13108927011489868,0.13565833866596222,1.1772692203521729,0.11310863082430017,0.11135029086693028,0.11523136451777857,1.0
baseline,insurance,switch_share,Tanzania,0.08788491412997246,0.08493208140134811,0.09071490168571472,0.22104644775390625,0.39758573378123596,0.3842273072666793,0.4103884165861319,1.0
baseline,insurance,switch_share,Uganda,0.05619295872747898,0.05563304200768471,0.0570182278752327,0.5106402635574341,0.11004412056347511,0.10894762120814902,0.11166026642319322,1.0
baseline,insurance,cv_log,Ethiopia,0.7796978056430817,0.7179147005081177,0.8148317933082581,0.27160167694091797,2.870740027914816,2.643263136642146,3.0000985357889007,1.0
baseline,insurance,cv_log,Mali,0.6110398173332214,0.571569561958313,0.6559002995491028,1.2331937551498413,0.49549376550238533,0.46348723351170673,0.531871246355287,1.0
baseline,insurance,cv_log,Nigeria,0.5272547006607056,0.5062379837036133,0.5469764471054077,1.1772692203521729,0.44786246981211364,0.4300103790636566,0.4646145823312896,1.0
baseline,insurance,cv_log,Tanzania,-5.154323577880859,-13.968301773071289,-0.0368269681930542,0.22104644775390625,-23.31783039381493,-63.19170434542505,-0.16660285006730405,1.0
baseline,insurance,cv_log,Uganda,0.9083621501922607,0.86580491065979,0.9407380819320679,0.5106402635574341,1.7788690297628538,1.6955280898299336,1.8422716520203635,1.0
baseline,insurance,cv_pct,Ethiopia,1.1808131378381355,1.0501535658350254,1.2587956958419833,0.27160167694091797,4.347591484477469,3.8665209201321216,4.634712532043061,1.0
baseline,insurance,cv_pct,Mali,0.8423461069318894,0.7710446353546123,0.9268765027527195,1.2331937551498413,0.683060632941284,0.6252420855479642,0.7516065491590961,1.0
baseline,insurance,cv_pct,Nigeria,0.6942747100858903,0.6583820315679252,0.7273546992138171,1.1772692203521729,0.5897331707000734,0.5592450904058922,0.6178320868664463,1.0
baseline,insurance,cv_pct,Tanzania,-0.9942256153241119,-0.999999994437432,-0.5257315148453139,0.22104644775390625,-4.497813131251924,-4.523936053253135,-2.3783757675699784,1.0
baseline,insurance,cv_pct,Uganda,1.48025691686845,1.3769185232601062,1.5618715918262147,0.5106402635574341,2.898825303269409,2.6964550614705645,3.0586534264753364,1.0
baseline,insurance,ce_rho2.5,Ethiopia,0.9742603302001953,0.9566612243652344,0.9936676025390625,0.27160167694091797,3.587092470022297,3.522294984111378,3.6585473761828684,1.0
baseline,insurance,ce_rho2.5,Malawi,1.810673713684082,1.8067512512207031,1.816476821899414,0.19489488005638123,9.290514523317757,9.270388481719106,9.320290103946931,1.0
baseline,insurance,ce_rho2.5,Mali,1.3625030517578125,1.2126007080078125,1.555999755859375,1.2331937551498413,1.1048572424795156,0.9833010449039076,1.261764219419284,1.0
baseline,insurance,ce_rho2.5,Nigeria,5.379402160644531,5.3384552001953125,5.405540466308594,1.1772692203521729,4.569389964204888,4.534608658670568,4.5915924521423905,1.0
baseline,insurance,ce_rho2.5,Tanzania,3.040822982788086,3.0219879150390625,3.060955047607422,0.22104644775390625,13.756488799917165,13.671280157387914,13.847564974286405,1.0
baseline,insurance,ce_rho2.5,Uganda,0.9203262329101562,0.9165124893188477,0.9249162673950195,0.5106402635574341,1.8022986015607108,1.7948300491110083,1.811287384491548,1.0
baseline,both,exp_income,Ethiopia,-3.830289840698242,-3.913074493408203,-3.7317733764648438,0.9719924926757812,-3.9406578441299516,-4.025827897740206,-3.839302674233326,1.0
baseline,both,exp_income,Malawi,-0.49939918518066406,-0.5857772827148438,-0.42718505859375,0.6423821449279785,-0.7774175996698272,-0.9118828836385527,-0.6650014511870413,1.0
baseline,both,exp_income,Mali,-5.392433166503906,-5.773956298828125,-5.0540008544921875,3.9380764961242676,-1.3693063534471643,-1.466186932760365,-1.2833678724794142,1.0
baseline,both,exp_income,Nigeria,-5.438385009765625,-5.588897705078125,-5.2284393310546875,4.022350311279297,-1.3520416147036092,-1.3894607064446836,-1.2998468374058145,1.0
baseline,both,exp_income,Tanzania,-1.7721443176269531,-1.8899383544921875,-1.6540298461914062,0.6917673349380493,-2.561763512273467,-2.7320433605923866,-2.391020452475588,1.0
baseline,both,exp_income,Uganda,0.4241943359375,0.4036827087402344,0.4435005187988281,2.1309547424316406,0.19906304319417417,0.18943748579080122,0.20812291784890183,1.0
baseline,both,p_below_theta,Ethiopia,-0.27631136775016785,-0.2768276631832123,-0.27572867274284363,0.9719924926757812,-0.28427315008320186,-0.28480432232674785,-0.28367366499281793,1.0
baseline,both,p_below_theta,Malawi,-0.23876077681779861,-0.23928536474704742,-0.23822733759880066,0.6423821449279785,-0.37168028206102705,-0.372496911124258,-0.37084987414385534,1.0
baseline,both,p_below_theta,Mali,-0.19122261554002762,-0.19217707216739655,-0.19054429233074188,3.9380764961242676,-0.04855736442098648,-0.048799730618877324,-0.04838511707892664,1.0
baseline,both,p_below_theta,Nigeria,-0.24246574193239212,-0.24284635484218597,-0.24215909838676453,4.022350311279297,-0.060279618424203485,-0.06037424292986291,-0.060203383506332774,1.0
baseline,both,p_below_theta,Tanzania,-0.2250775322318077,-0.22556263208389282,-0.2246178388595581,0.6917673349380493,-0.3253659443922202,-0.326067191513304,-0.32470142418573955,1.0
baseline,both,p_below_theta,Uganda,-0.3495013564825058,-0.3496533930301666,-0.3493214547634125,2.1309547424316406,-0.16401162799153982,-0.16408297467227098,-0.16392720493200172,1.0
baseline,both,switch_share,Ethiopia,0.12184229493141174,0.12035604566335678,0.12382582575082779,0.9719924926757812,0.12535312345468247,0.12382404861176521,0.12739380878338866,1.0
baseline,both,switch_share,Malawi,0.05897049978375435,0.05467623472213745,0.063292495906353,0.6423821449279785,0.09179971804846149,0.08511481079267473,0.09852779440725133,1.0
baseline,both,switch_share,Mali,0.13089009374380112,0.12736836075782776,0.13467100262641907,3.9380764961242676,0.03323706227459499,0.03234278482989849,0.034197152533466044,1.0
baseline,both,switch_share,Nigeria,0.15018948167562485,0.1479816436767578,0.1527967005968094,4.022350311279297,0.03733873731844542,0.03678984479839914,0.0379869202760246,1.0
baseline,both,switch_share,Tanzania,0.09856018796563148,0.09526990354061127,0.1015777736902237,0.6917673349380493,0.14247592071466914,0.13771957525161707,0.14683806037086214,1.0
baseline,both,switch_share,Uganda,0.07317564263939857,0.07241731137037277,0.07426884770393372,2.1309547424316406,0.034339369664837444,0.033983505106137124,0.034852381528847134,1.0
baseline,both,cv_log,Ethiopia,1.2135944962501526,1.131596565246582,1.2631571292877197,0.9719924926757812,1.2485636518747891,1.1642029889875276,1.2995544089135878,1.0
baseline,both,cv_log,Mali,0.8063443005084991,0.7575044631958008,0.8628619909286499,3.9380764961242676,0.20475587543870166,0.19235392302341336,0.21910747335097525,1.0
baseline,both,cv_log,Nigeria,0.7254335284233093,0.6983784437179565,0.7493343949317932,4.022350311279297,0.18035065876512066,0.1736244706880936,0.1862926739201563,1.0
baseline,both,cv_log,Tanzania,7.514345645904541,1.0995025634765625,28.41436195373535,0.6917673349380493,10.862533205008129,1.589410930446763,41.07502699051261,1.0
baseline,both,cv_log,Uganda,1.2866589426994324,1.2264851331710815,1.3295228481292725,2.1309547424316406,0.6037945889133342,0.5755566313771332,0.6239094719637963,1.0
baseline,both,cv_pct,Ethiopia,2.3655606308009465,2.1006028652547992,2.536569287057543,0.9719924926757812,2.43372314974248,2.1611307505802704,2.6096593401402366,1.0
baseline,both,cv_pct,Mali,1.239705321833296,1.1329467262314439,1.3699337257290742,3.9380764961242676,0.3147997056566513,0.28769038065828706,0.34786874431650083,1.0
baseline,both,cv_pct,Nigeria,1.0656264245991935,1.0104899402125067,1.115591399515568,4.022350311279297,0.2649263097773983,0.2512187805669077,0.27734814553254494,1.0
baseline,both,cv_pct,Tanzania,1833.1668889163857,2.0026720136621,2188772398005.7598,0.6917673349380493,2649.9760776946105,2.8950080648740775,3164029706898.1636,1.0
baseline,both,cv_pct,Uganda,2.6206694919790543,2.409225478768713,2.779239685997111,2.1309547424316406,1.2298100188597145,1.130585005301209,1.3042227648747293,1.0
baseline,both,ce_rho2.5,Ethiopia,2.1059703826904297,2.084779739379883,2.134603500366211,0.9719924926757812,2.1666529305107494,2.1448516887622544,2.196111098029058,1.0
baseline,both,ce_rho2.5,Malawi,2.7073755264282227,2.700946807861328,2.7148799896240234,0.6423821449279785,4.214587139142486,4.204579515771174,4.226269380398805,1.0
baseline,both,ce_rho2.5,Mali,5.027244567871094,4.840789794921875,5.2543182373046875,3.9380764961242676,1.2765736198417557,1.2292269588175928,1.3342346809351784,1.0
baseline,both,ce_rho2.5,Nigeria,10.418621063232422,10.372489929199219,10.451675415039062,4.022350311279297,2.590182419968988,2.5787137187214006,2.598400091044019,1.0
baseline,both,ce_rho2.5,Tanzania,4.099025726318359,4.073902130126953,4.122354507446289,0.6917673349380493,5.92543983980603,5.889121854086661,5.95916328980099,1.0
baseline,both,ce_rho2.5,Uganda,3.604658603668213,3.5989112854003906,3.609683036804199,2.1309547424316406,1.6915697606768143,1.6888726981097961,1.6939275926081734,1.0
ssp245,transfer,exp_income,Ethiopia,-0.3645820617675781,-0.39929962158203125,-0.31058502197265625,1.9856468439102173,-0.18360871314338462,-0.20109297018583328,-0.15641503569740503,1.0
ssp245,transfer,exp_income,Malawi,1.233591079711914,1.1788482666015625,1.2857284545898438,1.9123499393463135,0.6450655574751056,0.6164396182659544,0.6723290691395823,1.0
ssp245,transfer,exp_income,Mali,6.950126647949219,6.739532470703125,7.153106689453125,12.995691299438477,0.5348023808667663,0.5185974578354543,0.5504214069598744,1.0
ssp245,transfer,exp_income,Nigeria,1.8742752075195312,1.746856689453125,2.057708740234375,10.273679733276367,0.1824346540070515,0.17003223137227746,0.20028936015685525,1.0
ssp245,transfer,exp_income,Tanzania,1.3780326843261719,1.29949951171875,1.4469451904296875,2.602651596069336,0.5294725911095248,0.49929829781340074,0.55595039789995,1.0
ssp245,transfer,exp_income,Uganda,1.4249267578125,1.4052581787109375,1.4418182373046875,2.545980930328369,0.5596769169943152,0.5519515727596961,0.5663114833773434,1.0
ssp245,transfer,p_below_theta,Ethiopia,-0.04746323078870773,-0.047808364033699036,-0.0472242534160614,1.9856468439102173,-0.023903158275235484,-0.02407697228755585,-0.02378280587048675,1.0
ssp245,transfer,p_below_theta,Malawi,-0.05743473768234253,-0.05762924253940582,-0.05726270377635956,1.9123499393463135,-0.03003359191779256,-0.03013530178430882,-0.029943632490156746,1.0
ssp245,transfer,p_below_theta,Mali,-0.06334234029054642,-0.06401386857032776,-0.06274089217185974,12.995691299438477,-0.00487410318012735,-0.004925776328119897,-0.004827822601062452,1.0
ssp245,transfer,p_below_theta,Nigeria,-0.05745355784893036,-0.05781245231628418,-0.05712488293647766,10.273679733276367,-0.005592305711344957,-0.0056272391019772695,-0.005560313774571989,1.0
ssp245,transfer,p_below_theta,Tanzania,-0.06138405203819275,-0.06154532730579376,-0.06121334433555603,2.602651596069336,-0.023585197546570673,-0.02364716330020615,-0.023519607629389854,1.0
ssp245,transfer,p_below_theta,Uganda,-0.0446755588054657,-0.04477280378341675,-0.04457119107246399,2.545980930328369,-0.01754748367251268,-0.017585679158108287,-0.017506490540255302,1.0
ssp245,transfer,switch_share,Ethiopia,0.06686584278941154,0.06593043357133865,0.0677327960729599,1.9856468439102173,0.03367458971593185,0.03320350432582751,0.034111199723500525,1.0
ssp245,transfer,switch_share,Malawi,0.02143311593681574,0.01987938955426216,0.023170318454504013,1.9123499393463135,0.011207737399851665,0.010395267699308949,0.012116149862417009,1.0
ssp245,transfer,switch_share,Mali,0.06803707778453827,0.06613445281982422,0.06974820047616959,12.995691299438477,0.005235356566793645,0.005088952276258038,0.005367025029225132,1.0
ssp245,transfer,switch_share,Nigeria,0.09520521387457848,0.09353624284267426,0.09700358659029007,10.273679733276367,0.009266904979158493,0.009104453834560475,0.009441951580026017,1.0
ssp245,transfer,switch_share,Tanzania,0.06089596450328827,0.05893765017390251,0.06281348317861557,2.602651596069336,0.02339766282788546,0.02264523237106085,0.024134418634242042,1.0
ssp245,transfer,switch_share,Uganda,0.06334875896573067,0.06244032084941864,0.06429369747638702,2.545980930328369,0.024881867028579918,0.024525054412471728,0.025253016120625346,1.0
ssp245,transfer,cv_log,Ethiopia,0.08323618024587631,0.06325176358222961,0.10069863498210907,1.9856468439102173,0.04191892455657634,0.031854488010401506,0.050713265196649565,1.0
ssp245,transfer,cv_log,Mali,0.5141905178315938,0.47930456697940826,0.5399813664262183,12.995691299438477,0.03956623052856073,0.03688180612601334,0.04155079972156234,1.0
ssp245,transfer,cv_log,Nigeria,0.33748772740364075,0.3260810822248459,0.3490872234106064,10.273679733276367,0.032849741880751904,0.03173946343379499,0.033978791676746126,1.0
ssp245,transfer,cv_log,Tanzania,-24.593175888061523,-91.47208404541016,-3.501859664916992,2.602651596069336,-9.449277008572126,-35.145727604707524,-1.3454969040826243,1.0
ssp245,transfer,cv_log,Uganda,0.5033238753676414,0.4783572256565094,0.5244952291250229,2.545980930328369,0.19769349776815687,0.1878871989802426,0.20600909569946224,1.0
ssp245,transfer,cv_pct,Ethiopia,0.08679845871949143,0.06529500795966436,0.1059432989149458,1.9856468439102173,0.043712938675723595,0.032883494947713234,0.05335455256802761,1.0
ssp245,transfer,cv_pct,Mali,0.6722843052785761,0.6149509213879791,0.7159748871422875,12.995691299438477,0.051731323081491205,0.04731960056750118,0.05509325134348364,1.0
ssp245,transfer,cv_pct,Nigeria,0.4014224112090725,0.38552770598743846,0.4177728479322511,10.273679733276367,0.0390728951681128,0.03752576642414862,0.04066438304272696,1.0
ssp245,transfer,cv_pct,Tanzania,-0.9999999999791398,-1.0,-0.9862625042205315,2.602651596069336,-0.38422353629252315,-0.3842235363005381,-0.378945267092237,1.0
ssp245,transfer,cv_pct,Uganda,0.6542105352711691,0.6134217360902707,0.6896057693099296,2.545980930328369,0.25695814429638797,0.24093728620785637,0.2708605398788228,1.0
ssp245,transfer,ce_rho2.5,Ethiopia,2.5275135040283203,2.517078399658203,2.5370121002197266,1.9856468439102173,1.2728917590657949,1.267636492046828,1.2776753872424456,1.0
ssp245,transfer,ce_rho2.5,Malawi,2.344935417175293,2.337834358215332,2.3520689010620117,1.9123499393463135,1.2262062339787285,1.2224929706194145,1.229936452878496,1.0
ssp245,transfer,ce_rho2.5,Mali,13.774715423583984,13.6617431640625,13.911125183105469,12.995691299438477,1.0599448006416687,1.0512517456191655,1.0704413380230529,1.0
ssp245,transfer,ce_rho2.5,Nigeria,12.781940460205078,12.754871368408203,12.806121826171875,10.273679733276367,1.2441443369900345,1.241509536947631,1.246498057039188,1.0
ssp245,transfer,ce_rho2.5,Tanzania,3.2876830101013184,3.279979705810547,3.2964534759521484,2.602651596069336,1.2632051923763263,1.2602454015605271,1.2665750117805354,1.0
ssp245,transfer,ce_rho2.5,Uganda,3.3294501304626465,3.3257837295532227,3.3323020935058594,2.545980930328369,1.3077278351936552,1.306287761206553,1.3088480175992812,1.0
ssp245,contraction,exp_income,Ethiopia,-18.269210815429688,-18.374267578125,-18.164505004882812,0.0,,,,1.0
ssp245,contraction,exp_income,Malawi,-12.513162612915039,-12.635711669921875,-12.37839126586914,0.0,,,,1.0
ssp245,contraction,exp_income,Mali,-20.59699249267578,-20.721755981445312,-20.454376220703125,0.0,,,,1.0
ssp245,contraction,exp_income,Nigeria,-43.321189880371094,-43.71144104003906,-42.99159240722656,0.0,,,,1.0
ssp245,contraction,exp_income,Tanzania,-24.4765682220459,-24.64935302734375,-24.302066802978516,0.0,,,,1.0
ssp245,contraction,exp_income,Uganda,-12.05449104309082,-12.12411117553711,-11.995048522949219,0.0,,,,1.0
ssp245,contraction,p_below_theta,Ethiopia,-0.06099250167608261,-0.06129148602485657,-0.060646772384643555,0.0,,,,1.0
ssp245,contraction,p_below_theta,Malawi,-0.1307782083749771,-0.13098008930683136,-0.13047870993614197,0.0,,,,1.0
ssp245,contraction,p_below_theta,Mali,-0.058957695960998535,-0.05926594138145447,-0.05870167911052704,0.0,,,,1.0
ssp245,contraction,p_below_theta,Nigeria,-0.07297525554895401,-0.07318225502967834,-0.07281354069709778,0.0,,,,1.0
ssp245,contraction,p_below_theta,Tanzania,-0.16319412365555763,-0.163348026573658,-0.16297607123851776,0.0,,,,1.0
ssp245,contraction,p_below_theta,Uganda,-0.052357301115989685,-0.052474915981292725,-0.052254050970077515,0.0,,,,1.0
ssp245,contraction,switch_share,Ethiopia,0.13570225983858109,0.13347062468528748,0.1380678117275238,0.0,,,,1.0
ssp245,contraction,switch_share,Malawi,0.041116757318377495,0.03790440410375595,0.043841589242219925,0.0,,,,1.0
ssp245,contraction,switch_share,Mali,0.028142313472926617,0.025853632017970085,0.03090301714837551,0.0,,,,1.0
ssp245,contraction,switch_share,Nigeria,0.11036416888237,0.10735580325126648,0.11432387679815292,0.0,,,,1.0
ssp245,contraction,switch_share,Tanzania,0.15462882816791534,0.14966315031051636,0.1599731743335724,0.0,,,,1.0
ssp245,contraction,switch_share,Uganda,0.1316470503807068,0.12919791042804718,0.134557843208313,0.0,,,,1.0
ssp245,contraction,cv_log,Ethiopia,1.065476156771183,0.9651285260915756,1.1293401420116425,0.0,,,,1.0
ssp245,contraction,cv_log,Mali,1.0875893235206604,1.0044080018997192,1.1724715828895569,0.0,,,,1.0
ssp245,contraction,cv_log,Nigeria,0.7419519573450089,0.7058944255113602,0.780849888920784,0.0,,,,1.0
ssp245,contraction,cv_log,Tanzania,59.83860397338867,8.63371467590332,222.8858642578125,0.0,,,,1.0
ssp245,contraction,cv_log,Uganda,1.2968957126140594,1.197468176484108,1.3751394897699356,0.0,,,,1.0
ssp245,contraction,cv_pct,Ethiopia,1.902224630836206,1.608870060453523,2.0748170488223976,0.0,,,,1.0
ssp245,contraction,cv_pct,Mali,1.9671127524131806,1.7302904675303217,2.229965909645524,0.0,,,,1.0
ssp245,contraction,cv_pct,Nigeria,1.100030954497575,1.0256576748054678,1.1833270626817889,0.0,,,,1.0
ssp245,contraction,cv_pct,Tanzania,9.717969024447376e+25,5616.90824891667,6.282043529810252e+96,0.0,,,,1.0
ssp245,contraction,cv_pct,Uganda,2.657923782072242,2.3117216048522633,2.955628454142271,0.0,,,,1.0
ssp245,contraction,ce_rho2.5,Ethiopia,15.079117774963379,15.01453971862793,15.151073455810547,0.0,,,,1.0
ssp245,contraction,ce_rho2.5,Malawi,13.158530712127686,13.098938941955566,13.212448120117188,0.0,,,,1.0
ssp245,contraction,ce_rho2.5,Mali,42.39887619018555,42.151283264160156,42.67060089111328,0.0,,,,1.0
ssp245,contraction,ce_rho2.5,Nigeria,44.561187744140625,44.45557403564453,44.652530670166016,0.0,,,,1.0
ssp245,contraction,ce_rho2.5,Tanzania,17.717004776000977,17.643558502197266,17.81350326538086,0.0,,,,1.0
ssp245,contraction,ce_rho2.5,Uganda,12.5565767288208,12.53875732421875,12.576560974121094,0.0,,,,1.0
ssp245,safety_net,exp_income,Ethiopia,-3.849224090576172,-3.9627151489257812,-3.7555770874023438,1.9400118589401245,-1.9841240004992011,-2.0426241884370278,-1.9358526444545068,1.0
ssp245,safety_net,exp_income,Malawi,-0.5810737609863281,-0.7447319030761719,-0.4547271728515625,1.392106294631958,-0.41740617309682604,-0.5349677003458004,-0.32664687646698864,1.0
ssp245,safety_net,exp_income,Mali,1.6663894653320312,1.2147216796875,2.078125,8.808526039123535,0.189179149602405,0.1379029447483324,0.23592199089494628,1.0
ssp245,safety_net,exp_income,Nigeria,-5.7062530517578125,-5.9967498779296875,-5.332977294921875,8.409066200256348,-0.6785834379070365,-0.7131291079319697,-0.6341937580131431,1.0
ssp245,safety_net,exp_income,Tanzania,-1.7988815307617188,-1.9861526489257812,-1.6288604736328125,1.578903317451477,-1.1393234220733102,-1.2579317726253494,-1.0316404149824523,1.0
ssp245,safety_net,exp_income,Uganda,1.6889381408691406,1.6572799682617188,1.7165184020996094,3.647430658340454,0.46304873185377876,0.45436915009530715,0.47061029060950227,1.0
ssp245,safety_net,p_below_theta,Ethiopia,-0.2689371407032013,-0.269422322511673,-0.26835834980010986,1.9400118589401245,-0.13862654471098346,-0.13887663689791305,-0.1383282007083815,1.0
ssp245,safety_net,p_below_theta,Malawi,-0.22580523788928986,-0.22636011242866516,-0.22529396414756775,1.392106294631958,-0.16220402045447813,-0.1626026067847856,-0.16183675414464702,1.0
ssp245,safety_net,p_below_theta,Mali,-0.2775272876024246,-0.27861765027046204,-0.27666398882865906,8.808526039123535,-0.03150666596996733,-0.03163045088735243,-0.03140865879261085,1.0
ssp245,safety_net,p_below_theta,Nigeria,-0.2626488506793976,-0.26305481791496277,-0.26224854588508606,8.409066200256348,-0.031234009154475537,-0.03128228648110103,-0.031186405201220974,1.0
ssp245,safety_net,p_below_theta,Tanzania,-0.2260335087776184,-0.22648321092128754,-0.2256004959344864,1.578903317451477,-0.14315854953200127,-0.14344336883581715,-0.1428843004134226,1.0
ssp245,safety_net,p_below_theta,Uganda,-0.3332359045743942,-0.3333762586116791,-0.3330444097518921,3.647430658340454,-0.09136182035767977,-0.09140030060595095,-0.09130931906555396,1.0
ssp245,safety_net,switch_share,Ethiopia,0.1580229103565216,0.1561352014541626,0.16035416722297668,1.9400118589401245,0.08145461051091377,0.0804815706330079,0.08265628196241133,1.0
ssp245,safety_net,switch_share,Malawi,0.07863845303654671,0.07316545397043228,0.08450060337781906,1.392106294631958,0.05648882800098032,0.05255737600825633,0.060699821345293996,1.0
ssp245,safety_net,switch_share,Mali,0.17674575746059418,0.17077533900737762,0.18063189089298248,8.808526039123535,0.020065304532854704,0.019387504589175295,0.020506483160825813,1.0
ssp245,safety_net,switch_share,Nigeria,0.19007012993097305,0.18679682910442352,0.19309855997562408,8.409066200256348,0.022603000785649523,0.022213742246282836,0.02296313947079374,1.0
ssp245,safety_net,switch_share,Tanzania,0.12943165004253387,0.12476900964975357,0.13329115509986877,1.578903317451477,0.08197566539504822,0.07902257742490808,0.08442008679481104,1.0
ssp245,safety_net,switch_share,Uganda,0.09889879077672958,0.09770546853542328,0.10047207772731781,3.647430658340454,0.02711464590850579,0.02678747800510026,0.027545987062858008,1.0
ssp245,safety_net,cv_log,Ethiopia,1.4523229748010635,1.3556924909353256,1.5116325914859772,1.9400118589401245,0.7486155139250039,0.6988062906357558,0.7791872944074778,1.0
ssp245,safety_net,cv_log,Mali,1.5360719859600067,1.453041911125183,1.6346929669380188,8.808526039123535,0.17438467901865323,0.16495857589242746,0.18558076114862387,1.0
ssp245,safety_net,cv_log,Nigeria,1.0145040601491928,0.9783347994089127,1.0465072095394135,8.409066200256348,0.12064408056607592,0.11634285854225865,0.12444987167629992,1.0
ssp245,safety_net,cv_log,Tanzania,11.505797147750854,1.698694109916687,42.84901428222656,1.578903317451477,7.287208165679499,1.0758696185771308,27.13846618005057,1.0
ssp245,safety_net,cv_log,Uganda,1.6804345548152924,1.5835998207330704,1.736334577202797,3.647430658340454,0.4607173411159169,0.43416858854106166,0.47604320406540984,1.0
ssp245,safety_net,cv_pct,Ethiopia,3.273029225390391,2.8794465082068124,3.5341271324248513,1.9400118589401245,1.6871181535861983,1.4842417044707776,1.8217038809008264,1.0
ssp245,safety_net,cv_pct,Mali,3.6463041493277353,3.2642796785861634,4.11481653391892,8.808526039123535,0.4139516796717728,0.3705818276619371,0.4671401907246166,1.0
ssp245,safety_net,cv_pct,Nigeria,1.7579953115805889,1.6600230798968387,1.8476873523007935,8.409066200256348,0.20905951620728078,0.19740873009731252,0.2197256280661065,1.0
ssp245,safety_net,cv_pct,Tanzania,99288.70289728249,4.466803683575792,4.065279947221792e+18,1.578903317451477,62884.5995824148,2.8290545939099694,2.5747491326977505e+18,1.0
ssp245,safety_net,cv_pct,Uganda,4.367888235348291,3.8724642765858936,4.676498476316037,3.647430658340454,1.1975246809313265,1.0616964760470122,1.2821349915515046,1.0
ssp245,safety_net,ce_rho2.5,Ethiopia,4.137763977050781,4.121894836425781,4.152458190917969,1.9400118589401245,2.1328549915727537,2.1246750721810908,2.140429282317149,1.0
ssp245,safety_net,ce_rho2.5,Malawi,3.881765365600586,3.873135566711426,3.889890670776367,1.392106294631958,2.7884116181134275,2.7822125233155397,2.794248316939597,1.0
ssp245,safety_net,ce_rho2.5,Mali,19.745410919189453,19.569686889648438,19.969749450683594,8.808526039123535,2.24162485658658,2.2216755451171553,2.267093196067866,1.0
ssp245,safety_net,ce_rho2.5,Nigeria,20.437042236328125,20.3831787109375,20.489574432373047,8.409066200256348,2.430358109882059,2.4239526988521183,2.4366052002002827,1.0
ssp245,safety_net,ce_rho2.5,Tanzania,5.913435459136963,5.897692680358887,5.929071426391602,1.578903317451477,3.7452802801642697,3.735309575432655,3.7551833357103668,1.0
ssp245,safety_net,ce_rho2.5,Uganda,5.941234588623047,5.932848930358887,5.950802803039551,3.647430658340454,1.6288821214564917,1.6265830624613644,1.6315053966638282,1.0
ssp245,insurance,exp_income,Ethiopia,-3.4096755981445312,-3.4714813232421875,-3.3261642456054688,0.27160167694091797,-12.553956354570833,-12.781516529433452,-12.246479046331572,1.0
ssp245,insurance,exp_income,Malawi,-1.5180683135986328,-1.6215667724609375,-1.4246864318847656,0.19489488005638123,-7.789164667432362,-8.32021227028557,-7.310024929708864,1.0
ssp245,insurance,exp_income,Mali,-5.5513916015625,-5.873626708984375,-5.1934967041015625,1.2331937551498413,-4.50163778269212,-4.762939063270467,-4.211419886302066,1.0
ssp245,insurance,exp_income,Nigeria,-9.428855895996094,-9.597946166992188,-9.163864135742188,1.1772692203521729,-8.009090642134948,-8.152719871603388,-7.784000445540293,1.0
ssp245,insurance,exp_income,Tanzania,-2.096698760986328,-2.2340850830078125,-1.9689254760742188,0.22104644775390625,-9.485331170400027,-10.106858109274151,-8.907292996928174,1.0
ssp245,insurance,exp_income,Uganda,-1.0816211700439453,-1.091552734375,-1.0732421875,0.5106402635574341,-2.1181666375242467,-2.1376158761367003,-2.1017578598740627,1.0
ssp245,insurance,p_below_theta,Ethiopia,-0.10490615665912628,-0.1054801195859909,-0.10435543954372406,0.27160167694091797,-0.386250032918415,-0.3883632854333819,-0.38422236828244877,1.0
ssp245,insurance,p_below_theta,Malawi,-0.17273124866187572,-0.17315783351659775,-0.17241045460104942,0.19489488005638123,-0.8862790475147743,-0.8884678420823823,-0.8846330624548614,1.0
ssp245,insurance,p_below_theta,Mali,-0.2462314125150442,-0.2472047209739685,-0.24535102397203445,1.2331937551498413,-0.199669688146552,-0.200458946488852,-0.19895577880397444,1.0
ssp245,insurance,p_below_theta,Nigeria,-0.18524682149291039,-0.18575087189674377,-0.18487323075532913,1.1772692203521729,-0.1573529811961744,-0.1577811333937513,-0.1570356444892235,1.0
ssp245,insurance,p_below_theta,Tanzania,-0.20653501525521278,-0.20692512020468712,-0.20613219775259495,0.22104644775390625,-0.9343512069696356,-0.9361160168249318,-0.9325288863365245,1.0
ssp245,insurance,p_below_theta,Uganda,-0.020677343010902405,-0.02088335156440735,-0.02045533061027527,0.5106402635574341,-0.04049297418666385,-0.04089640605094686,-0.040058201575745044,1.0
ssp245,insurance,switch_share,Ethiopia,0.11765479668974876,0.11603384464979172,0.1195603758096695,0.27160167694091797,0.43318877119945925,0.42722064884390526,0.44020485129654663,1.0
ssp245,insurance,switch_share,Malawi,0.05780018866062164,0.05336201936006546,0.061771903187036514,0.19489488005638123,0.2965710984501009,0.27379897996616603,0.3169498509615363,1.0
ssp245,insurance,switch_share,Mali,0.13913119584321976,0.1350942701101303,0.14318056404590607,1.2331937551498413,0.11282184592826972,0.1095482924284801,0.11610548905878028,1.0
ssp245,insurance,switch_share,Nigeria,0.14911583811044693,0.14655092358589172,0.15195238590240479,1.1772692203521729,0.1266624791785857,0.1244837808144274,0.12907190919078745,1.0
ssp245,insurance,switch_share,Tanzania,0.10005165636539459,0.09672011435031891,0.10332909971475601,0.22104644775390625,0.4526272979368723,0.4375556148181065,0.46745424215001896,1.0
ssp245,insurance,switch_share,Uganda,0.06475529819726944,0.06391662359237671,0.06562906503677368,0.5106402635574341,0.12681197081120124,0.12516957269897638,0.1285230909516638,1.0
ssp245,insurance,cv_log,Ethiopia,0.6929962933063507,0.6345526725053787,0.7298214137554169,0.27160167694091797,2.5515169902912618,2.3363356207974157,2.6871020163626467,1.0
ssp245,insurance,cv_log,Mali,0.9755560755729675,0.914904773235321,1.0416179597377777,1.2331937551498413,0.7910809404434835,0.7418986427839589,0.8446506928760875,1.0
ssp245,insurance,cv_log,Nigeria,0.5946836322546005,0.5701034814119339,0.6163250803947449,1.1772692203521729,0.505138180777974,0.4842592259749991,0.5235209327993601,1.0
ssp245,insurance,cv_log,Tanzania,-10.571460723876953,-41.663883209228516,-1.2803382873535156,0.22104644775390625,-47.82461257032409,-188.48474441721604,-5.792168570738274,1.0
ssp245,insurance,cv_log,Uganda,1.0045413598418236,0.9427324682474136,1.0418006926774979,0.5106402635574341,1.9672192569453313,1.846177310186548,2.040185169535347,1.0
ssp245,insurance,cv_pct,Ethiopia,0.9996982483338295,0.8861782133421019,1.0747100599095427,0.27160167694091797,3.6807513841355837,3.262786236532972,3.956934552150525,1.0
ssp245,insurance,cv_pct,Mali,1.6526419351734323,1.4965375033957091,1.8337982787214648,1.2331937551498413,1.3401316121428342,1.2135461253725452,1.487031758848508,1.0
ssp245,insurance,cv_pct,Nigeria,0.812457668631903,0.7684500436728781,0.8521091678216142,1.1772692203521729,0.6901205387743521,0.6527394332479031,0.7238014492273152,1.0
ssp245,insurance,cv_pct,Tanzania,-0.9999743626612417,-1.0,-0.8123895475852944,0.22104644775390625,-4.523820096736074,-4.5239360784178375,-3.6751983840506575,1.0
ssp245,insurance,cv_pct,Uganda,1.7306545996141502,1.5617048112851428,1.8286369476211632,0.5106402635574341,3.3891855443543486,3.058326815839681,3.5810669038938565,1.0
ssp245,insurance,ce_rho2.5,Ethiopia,1.2499256134033203,1.2393951416015625,1.2584266662597656,0.27160167694091797,4.6020541090960165,4.5632823609965065,4.633353815902667,1.0
ssp245,insurance,ce_rho2.5,Malawi,1.72528076171875,1.7202653884887695,1.7300939559936523,0.19489488005638123,8.8523657533725,8.826632018199314,8.877062114167149,1.0
ssp245,insurance,ce_rho2.5,Mali,6.567386627197266,6.436592102050781,6.7353515625,1.2331937551498413,5.3255107721489265,5.21944915401286,5.461713971849955,1.0
ssp245,insurance,ce_rho2.5,Nigeria,7.251899719238281,7.211498260498047,7.289669036865234,1.1772692203521729,6.159933168955968,6.125615225326941,6.192015310384633,1.0
ssp245,insurance,ce_rho2.5,Tanzania,3.1631898880004883,3.1512041091918945,3.175662040710449,0.22104644775390625,14.310068857211887,14.255845960031754,14.366492078832016,1.0
ssp245,insurance,ce_rho2.5,Uganda,0.7052578926086426,0.6998062133789062,0.7121114730834961,0.5106402635574341,1.3811247230983754,1.3704485590376791,1.39454626652918,1.0
ssp245,both,exp_income,Ethiopia,-3.810436248779297,-3.8932342529296875,-3.7216567993164062,0.9719924926757812,-3.9202321802811593,-4.005415970047331,-3.828894592664108,1.0
ssp245,both,exp_income,Malawi,-1.243886947631836,-1.3787345886230469,-1.1329765319824219,0.6423821449279785,-1.9363660049600164,-2.1462841075348154,-1.763711119507294,1.0
ssp245,both,exp_income,Mali,-3.059661865234375,-3.414215087890625,-2.6664276123046875,3.9380764961242676,-0.7769432280570474,-0.8669753092025483,-0.6770888312933745,1.0
ssp245,both,exp_income,Nigeria,-8.147979736328125,-8.358963012695312,-7.8265228271484375,4.022350311279297,-2.0256763100617867,-2.0781290454129464,-1.9457586290288165,1.0
ssp245,both,exp_income,Tanzania,-2.076526641845703,-2.2202224731445312,-1.9064865112304688,0.6917673349380493,-3.0017703019060082,-3.2094930781074846,-2.755964924827222,1.0
ssp245,both,exp_income,Uganda,0.3166790008544922,0.29586029052734375,0.3327293395996094,2.1309547424316406,0.14860897538026951,0.1388393120868144,0.15614096957307064,1.0
ssp245,both,p_below_theta,Ethiopia,-0.2689371407032013,-0.269422322511673,-0.26835834980010986,0.9719924926757812,-0.27668643814608995,-0.277185600240579,-0.2760909696548693,1.0
ssp245,both,p_below_theta,Malawi,-0.22580523788928986,-0.22636011242866516,-0.22529396414756775,0.6423821449279785,-0.3515123196872265,-0.35237609609159326,-0.3507164168967163,1.0
ssp245,both,p_below_theta,Mali,-0.2775272876024246,-0.27861765027046204,-0.27666398882865906,3.9380764961242676,-0.07047280261710466,-0.07074967958206725,-0.07025358423101816,1.0
ssp245,both,p_below_theta,Nigeria,-0.2626488506793976,-0.26305481791496277,-0.26224854588508606,4.022350311279297,-0.06529735859725824,-0.06539828646384083,-0.06519783847510752,1.0
ssp245,both,p_below_theta,Tanzania,-0.2260335087776184,-0.22648321092128754,-0.2256004959344864,0.6917673349380493,-0.32674787802442373,-0.32739795518325543,-0.32612192646345445,1.0
ssp245,both,p_below_theta,Uganda,-0.3332359045743942,-0.3333762586116791,-0.3330444097518921,2.1309547424316406,-0.15637868695143542,-0.15644455134286997,-0.15628882355889634,1.0
ssp245,both,switch_share,Ethiopia,0.1415472999215126,0.1397467851638794,0.14393514394760132,0.9719924926757812,0.14562591891203758,0.14377352316700812,0.14808256754264096,1.0
ssp245,both,switch_share,Malawi,0.07066596299409866,0.06597434729337692,0.07623931765556335,0.6423821449279785,0.11000611326459185,0.1027026479709733,0.11868218669762533,1.0
ssp245,both,switch_share,Mali,0.1616021916270256,0.15587882697582245,0.1654251366853714,3.9380764961242676,0.041035818320459105,0.03958247817919067,0.04200658287064197,1.0
ssp245,both,switch_share,Nigeria,0.17089039087295532,0.16806206107139587,0.17384284734725952,4.022350311279297,0.042485208310611845,0.041782054785264144,0.043219221075741984,1.0
ssp245,both,switch_share,Tanzania,0.11421587318181992,0.11045979708433151,0.11799612641334534,0.6917673349380493,0.1651073524482743,0.1596776712422012,0.1705719834601794,1.0
ssp245,both,switch_share,Uganda,0.08251488581299782,0.08148986846208572,0.08367664366960526,2.1309547424316406,0.03872202640908261,0.03824101321321227,0.03926720826277217,1.0
ssp245,both,cv_log,Ethiopia,1.121287390589714,1.0404804795980453,1.1691520512104034,0.9719924926757812,1.153596760303098,1.0704614361101954,1.202840618647028,1.0
ssp245,both,cv_log,Mali,1.248964011669159,1.177064597606659,1.3321151733398438,3.9380764961242676,0.31715077472424685,0.2988932791846703,0.3382654386350469,1.0
ssp245,both,cv_log,Nigeria,0.805731289088726,0.7745025157928467,0.8324800431728363,4.022350311279297,0.2003135546969467,0.19254974227904043,0.20696358565250583,1.0
ssp245,both,cv_log,Tanzania,-0.5305395126342773,-3.2004051208496094,3.6067235469818115,0.6917673349380493,-0.7669334555696958,-4.626418391287902,5.21378123080184,1.0
ssp245,both,cv_log,Uganda,1.4087035357952118,1.3257515579462051,1.4577452093362808,2.1309547424316406,0.6610668484623633,0.6221397064648051,0.6840807926651892,1.0
ssp245,both,cv_pct,Ethiopia,2.0688024087394368,1.8305767220351403,2.2192617117772193,0.9719924926757812,2.12841397884079,1.8833239308215,2.283208696054691,1.0
ssp245,both,cv_pct,Mali,2.486728877268181,2.2448353121564146,2.7890494138207163,3.9380764961242676,0.6314577382423989,0.5700334451008536,0.7082263172301534,1.0
ssp245,both,cv_pct,Nigeria,1.238332783045877,1.1695125604359662,1.299013328242364,4.022350311279297,0.30786298736174195,0.2907535321218718,0.3229488303392492,1.0
ssp245,both,cv_pct,Tanzania,-0.41171250449102126,-0.9592543062957875,35.845133480938955,0.6917673349380493,-0.5951603721327661,-1.3866718734004588,51.816747727975674,1.0
ssp245,both,cv_pct,Uganda,3.0906486875243497,2.7650139180799465,3.2962614287034313,2.1309547424316406,1.4503586706856095,1.2975469929149122,1.5468472244239475,1.0
ssp245,both,ce_rho2.5,Ethiopia,2.4681081771850586,2.455718994140625,2.479551315307617,0.9719924926757812,2.5392255555293914,2.5264793839922763,2.5509984223043776,1.0
ssp245,both,ce_rho2.5,Malawi,2.588156223297119,2.581724166870117,2.5944032669067383,0.6423821449279785,4.028997760495496,4.0189849410580525,4.038722569410165,1.0
ssp245,both,ce_rho2.5,Mali,11.309581756591797,11.13836669921875,11.470779418945312,3.9380764961242676,2.871854258728172,2.828377435070341,2.912787354495144,1.0
ssp245,both,ce_rho2.5,Nigeria,12.313148498535156,12.267326354980469,12.356853485107422,4.022350311279297,3.061182529032136,3.04979064617544,3.072048063654943,1.0
ssp245,both,ce_rho2.5,Tanzania,4.214046001434326,4.200610160827637,4.228395462036133,0.6917673349380493,6.091710013760206,6.072287528875325,6.11245320280236,1.0
ssp245,both,ce_rho2.5,Uganda,3.282127857208252,3.2753591537475586,3.2899580001831055,2.1309547424316406,1.5402147177762222,1.537038346487844,1.5438891942064061,1.0
ssp585,transfer,exp_income,Ethiopia,-0.2033843994140625,-0.244140625,-0.16048431396484375,1.9856468439102173,-0.1024272770547403,-0.12295269209061782,-0.08082218369144205,1.0
ssp585,transfer,exp_income,Malawi,1.1770172119140625,1.1175613403320312,1.232879638671875,1.9123499393463135,0.6154821289226986,0.5843916520393962,0.6446935329698614,1.0
ssp585,transfer,exp_income,Mali,7.1091156005859375,6.91998291015625,7.3390045166015625,12.995691299438477,0.5470363551104904,0.5324828630282448,0.5647259809040455,1.0
ssp585,transfer,exp_income,Nigeria,1.6288299560546875,1.4962615966796875,1.8266754150390625,10.273679733276367,0.15854396850418845,0.14564028035965615,0.1778014754657453,1.0
ssp585,transfer,exp_income,Tanzania,1.3952598571777344,1.3182144165039062,1.4636459350585938,2.602651596069336,0.5360916763830129,0.5064890047114813,0.5623672170601207,1.0
ssp585,transfer,exp_income,Uganda,1.464822769165039,1.445098876953125,1.481353759765625,2.545980930328369,0.5753471095229739,0.5676000396305964,0.5818400845502667,1.0
ssp585,transfer,p_below_theta,Ethiopia,-0.048880018293857574,-0.04921597242355347,-0.04865235090255737,1.9856468439102173,-0.024616672619185917,-0.024785863898454046,-0.02450201608194797,1.0
ssp585,transfer,p_below_theta,Malawi,-0.05717387795448303,-0.057357653975486755,-0.056992799043655396,1.9123499393463135,-0.029897183971478787,-0.029993283548874407,-0.02980249475843155,1.0
ssp585,transfer,p_below_theta,Mali,-0.06495579332113266,-0.06566590070724487,-0.06433914601802826,12.995691299438477,-0.004998256100769283,-0.005052897856236566,-0.00495080596603647,1.0
ssp585,transfer,p_below_theta,Nigeria,-0.058763280510902405,-0.059156984090805054,-0.058396682143211365,10.273679733276367,-0.0057197890178110776,-0.005758110591981571,-0.005684105759503576,1.0
ssp585,transfer,p_below_theta,Tanzania,-0.06143774837255478,-0.06159530580043793,-0.061270758509635925,2.602651596069336,-0.023605828942045628,-0.023666366214157308,-0.023541667506388603,1.0
ssp585,transfer,p_below_theta,Uganda,-0.044658362865448,-0.04475986957550049,-0.04455399513244629,2.545980930328369,-0.017540729521366906,-0.017580598912705744,-0.017499736389109528,1.0
ssp585,transfer,switch_share,Ethiopia,0.06440774723887444,0.06349916756153107,0.0652698427438736,1.9856468439102173,0.03243665782583979,0.03197908417414544,0.03287082138702043,1.0
ssp585,transfer,switch_share,Malawi,0.022916289046406746,0.02131587639451027,0.024825001135468483,1.9123499393463135,0.011983313605375006,0.011146430868085023,0.012981411312175561,1.0
ssp585,transfer,switch_share,Mali,0.06508395820856094,0.06298227608203888,0.06662986427545547,12.995691299438477,0.005008118206945491,0.0048463967503414185,0.005127073484604428,1.0
ssp585,transfer,switch_share,Nigeria,0.098084457218647,0.0962369367480278,0.09994997829198837,10.273679733276367,0.009547159320233842,0.009367328868187036,0.009728741880891146,1.0
ssp585,transfer,switch_share,Tanzania,0.06000543385744095,0.058055438101291656,0.06200334429740906,2.602651596069336,0.023055499993954003,0.02230626572875528,0.023823144208410314,1.0
ssp585,transfer,switch_share,Uganda,0.06124437227845192,0.060385990887880325,0.062183983623981476,2.545980930328369,0.024055314613276736,0.02371816307362994,0.024424371323143127,1.0
ssp585,transfer,cv_log,Ethiopia,0.12845686078071594,0.10937362909317017,0.14626970887184143,1.9856468439102173,0.06469270261964279,0.05508211564841366,0.07366350633821728,1.0
ssp585,transfer,cv_log,Mali,0.49707746133208275,0.4712090939283371,0.5310121979564428,12.995691299438477,0.038249405120415615,0.036258870965078814,0.040860634938241956,1.0
ssp585,transfer,cv_log,Nigeria,0.32483672723174095,0.3126954436302185,0.33580252528190613,10.273679733276367,0.031618342761804946,0.030436557469997867,0.032685710865041316,1.0
ssp585,transfer,cv_log,Tanzania,-23.870333671569824,-88.77020645141602,-3.396809458732605,2.602651596069336,-9.171544015964367,-34.107602640891905,-1.3051341423733582,1.0
ssp585,transfer,cv_log,Uganda,0.5304412469267845,0.5071319341659546,0.5541828125715256,2.545980930328369,0.2083445483067191,0.19918921156276964,0.2176696635744438,1.0
ssp585,transfer,cv_pct,Ethiopia,0.13707236840357384,0.11557908528644512,0.1575083362218479,1.9856468439102173,0.06903159482964519,0.058207271671150765,0.07932343896141976,1.0
ssp585,transfer,cv_pct,Mali,0.6439098540534518,0.6019299064755081,0.7006528350392363,12.995691299438477,0.04954794933312044,0.04631765195142151,0.05391424118157611,1.0
ssp585,transfer,cv_pct,Nigeria,0.3838046904002941,0.36710510705002375,0.39906271801418947,10.273679733276367,0.03735805479288533,0.035732582344471304,0.038843211816466154,1.0
ssp585,transfer,cv_pct,Tanzania,-0.999999999957022,-1.0,-0.9841885220138935,2.602651596069336,-0.384223536284025,-0.3842235363005381,-0.3781483943145782,1.0
ssp585,transfer,cv_pct,Uganda,0.6996821479863736,0.6605218728001652,0.7405180739717678,2.545980930328369,0.2748182987749762,0.259437085695286,0.2908576671374593,1.0
ssp585,transfer,ce_rho2.5,Ethiopia,2.5260372161865234,2.5155906677246094,2.5347023010253906,1.9856468439102173,1.2721482795058094,1.2668872490794008,1.2765121395071195,1.0
ssp585,transfer,ce_rho2.5,Malawi,2.3348388671875,2.328153610229492,2.341766357421875,1.9123499393463135,1.220926577896932,1.2174307444093158,1.224549079245583,1.0
ssp585,transfer,ce_rho2.5,Mali,13.739253997802734,13.624336242675781,13.875213623046875,12.995691299438477,1.0572160942601327,1.0483733361121363,1.0676779944477752,1.0
ssp585,transfer,ce_rho2.5,Nigeria,12.742477416992188,12.718803405761719,12.770748138427734,10.273679733276367,1.2403031579541461,1.2379988218403981,1.2430549199488263,1.0
ssp585,transfer,ce_rho2.5,Tanzania,3.296006202697754,3.28826904296875,3.3048763275146484,2.602651596069336,1.2664031588690392,1.2634303599970393,1.2698112695936137,1.0
ssp585,transfer,ce_rho2.5,Uganda,3.3276538848876953,3.323884963989258,3.330622673034668,2.545980930328369,1.3070223131869687,1.3055419718169523,1.3081883816801012,1.0
ssp585,contraction,exp_income,Ethiopia,-16.470712661743164,-16.563255310058594,-16.368206024169922,0.0,,,,1.0
ssp585,contraction,exp_income,Malawi,-13.167659759521484,-13.312183380126953,-13.011199951171875,0.0,,,,1.0
ssp585,contraction,exp_income,Mali,-19.49687957763672,-19.607192993164062,-19.380584716796875,0.0,,,,1.0
ssp585,contraction,exp_income,Nigeria,-43.34477996826172,-43.74395751953125,-42.997222900390625,0.0,,,,1.0
ssp585,contraction,exp_income,Tanzania,-24.47286033630371,-24.64984130859375,-24.30373764038086,0.0,,,,1.0
ssp585,contraction,exp_income,Uganda,-11.621129989624023,-11.686885833740234,-11.563018798828125,0.0,,,,1.0
ssp585,contraction,p_below_theta,Ethiopia,-0.06190670281648636,-0.062196314334869385,-0.06157425045967102,0.0,,,,1.0
ssp585,contraction,p_below_theta,Malawi,-0.13220905885100365,-0.13242684304714203,-0.1318848878145218,0.0,,,,1.0
ssp585,contraction,p_below_theta,Mali,-0.06141718477010727,-0.06171150505542755,-0.06110309064388275,0.0,,,,1.0
ssp585,contraction,p_below_theta,Nigeria,-0.07765667885541916,-0.0778559148311615,-0.07744774222373962,0.0,,,,1.0
ssp585,contraction,p_below_theta,Tanzania,-0.16508915275335312,-0.16525302454829216,-0.16487699374556541,0.0,,,,1.0
ssp585,contraction,p_below_theta,Uganda,-0.05095718801021576,-0.05106595158576965,-0.05085435509681702,0.0,,,,1.0
ssp585,contraction,switch_share,Ethiopia,0.12736117094755173,0.12514960765838623,0.12961441278457642,0.0,,,,1.0
ssp585,contraction,switch_share,Malawi,0.045017560943961143,0.04152432829141617,0.04802120849490166,0.0,,,,1.0
ssp585,contraction,switch_share,Mali,0.02169855870306492,0.019908223301172256,0.024239230901002884,0.0,,,,1.0
ssp585,contraction,switch_share,Nigeria,0.1129932664334774,0.10987188667058945,0.11702582240104675,0.0,,,,1.0
ssp585,contraction,switch_share,Tanzania,0.15445198863744736,0.1500862091779709,0.1603921353816986,0.0,,,,1.0
ssp585,contraction,switch_share,Uganda,0.12627623230218887,0.12392302602529526,0.129182368516922,0.0,,,,1.0
ssp585,contraction,cv_log,Ethiopia,1.1570181846618652,1.0561076998710632,1.223327100276947,0.0,,,,1.0
ssp585,contraction,cv_log,Mali,1.0892362892627716,1.0071470737457275,1.1756640076637268,0.0,,,,1.0
ssp585,contraction,cv_log,Nigeria,0.7262333109974861,0.6898020654916763,0.7641666978597641,0.0,,,,1.0
ssp585,contraction,cv_log,Tanzania,60.22550678253174,8.691038727760315,224.36456680297852,0.0,,,,1.0
ssp585,contraction,cv_log,Uganda,1.3248153030872345,1.2254314869642258,1.4030769616365433,0.0,,,,1.0
ssp585,contraction,cv_pct,Ethiopia,2.1804356513609013,1.8751582030150993,2.3984760150770588,0.0,,,,1.0
ssp585,contraction,cv_pct,Mali,1.9720034764427263,1.7344732681694546,2.236675872315098,0.0,,,,1.0
ssp585,contraction,cv_pct,Nigeria,1.0672793948016435,0.9933209471916589,1.1472043589590015,0.0,,,,1.0
ssp585,contraction,cv_pct,Tanzania,1.4308867610253032e+26,5948.358798414823,2.7560893768884883e+97,0.0,,,,1.0
ssp585,contraction,cv_pct,Uganda,2.761490573138416,2.4056352530207095,3.067696877969479,0.0,,,,1.0
ssp585,contraction,ce_rho2.5,Ethiopia,14.463130950927734,14.403470993041992,14.529556274414062,0.0,,,,1.0
ssp585,contraction,ce_rho2.5,Malawi,13.106171131134033,13.047327995300293,13.158527374267578,0.0,,,,1.0
ssp585,contraction,ce_rho2.5,Mali,40.736148834228516,40.45549774169922,40.94535827636719,0.0,,,,1.0
ssp585,contraction,ce_rho2.5,Nigeria,43.40449523925781,43.30093002319336,43.49446105957031,0.0,,,,1.0
ssp585,contraction,ce_rho2.5,Tanzania,17.559343814849854,17.48592185974121,17.646668434143066,0.0,,,,1.0
ssp585,contraction,ce_rho2.5,Uganda,12.392000675201416,12.37454605102539,12.411645889282227,0.0,,,,1.0
ssp585,safety_net,exp_income,Ethiopia,-3.337848663330078,-3.4490280151367188,-3.265758514404297,1.9400118589401245,-1.7205300307564233,-1.7778386246674833,-1.683370387327663,1.0
ssp585,safety_net,exp_income,Malawi,-0.7307033538818359,-0.9041404724121094,-0.5917816162109375,1.392106294631958,-0.5248904891095387,-0.6494766067063464,-0.4250980104700923,1.0
ssp585,safety_net,exp_income,Mali,1.3214035034179688,0.850250244140625,1.72222900390625,8.808526039123535,0.15001414510769284,0.09652582513398876,0.1955184098062353,1.0
ssp585,safety_net,exp_income,Nigeria,-6.524749755859375,-6.838134765625,-6.1241302490234375,8.409066200256348,-0.7759184671016706,-0.8131859831733209,-0.7282770884639659,1.0
ssp585,safety_net,exp_income,Tanzania,-1.7592544555664062,-1.9443588256835938,-1.5897369384765625,1.578903317451477,-1.1142255742460758,-1.2314616127490325,-1.0068614847440893,1.0
ssp585,safety_net,exp_income,Uganda,1.8254146575927734,1.7939605712890625,1.852020263671875,3.647430658340454,0.5004658973896216,0.4918422690742248,0.5077602392349596,1.0
ssp585,safety_net,p_below_theta,Ethiopia,-0.2704509198665619,-0.27092230319976807,-0.2698820233345032,1.9400118589401245,-0.13940683847897495,-0.13964981809326643,-0.13911359463645045,1.0
ssp585,safety_net,p_below_theta,Malawi,-0.22835488617420197,-0.22891268134117126,-0.22786279022693634,1.392106294631958,-0.1640355244816804,-0.16443620880379015,-0.16368203427108144,1.0
ssp585,safety_net,p_below_theta,Mali,-0.27551238238811493,-0.27668043971061707,-0.27460217475891113,8.808526039123535,-0.031277921091952515,-0.03141052640154848,-0.031174588522444167,1.0
ssp585,safety_net,p_below_theta,Nigeria,-0.2664474844932556,-0.26687926054000854,-0.2660117447376251,8.409066200256348,-0.0316857399083305,-0.03173708639989929,-0.03163392205540204,1.0
ssp585,safety_net,p_below_theta,Tanzania,-0.22486673295497894,-0.22532016038894653,-0.22443346679210663,1.578903317451477,-0.14241957089427015,-0.1427067496144336,-0.14214516133537983,1.0
ssp585,safety_net,p_below_theta,Uganda,-0.3369513303041458,-0.3371122181415558,-0.33677881956100464,3.647430658340454,-0.09238046226695244,-0.0924245721767713,-0.09233316575625752,1.0
ssp585,safety_net,switch_share,Ethiopia,0.15328465402126312,0.15153376758098602,0.1557968407869339,1.9400118589401245,0.07901222526804874,0.07810971200133415,0.08030715898409481,1.0
ssp585,safety_net,switch_share,Malawi,0.08119779825210571,0.07527334988117218,0.08699271082878113,1.392106294631958,0.058327297682087276,0.054071553423348885,0.062489991722780094,1.0
ssp585,safety_net,switch_share,Mali,0.18481076508760452,0.17990165948867798,0.18961958587169647,8.808526039123535,0.02098089558534058,0.020423582639097076,0.0215268235604335,1.0
ssp585,safety_net,switch_share,Nigeria,0.2034219652414322,0.19979973137378693,0.20660226047039032,8.409066200256348,0.0241907912718336,0.02376003787051838,0.024568989653582715,1.0
ssp585,safety_net,switch_share,Tanzania,0.12744072079658508,0.12289676815271378,0.1311974823474884,1.578903317451477,0.08071470835990666,0.0778367913946008,0.0830940570568029,1.0
ssp585,safety_net,switch_share,Uganda,0.0943644791841507,0.09320852160453796,0.09592999517917633,3.647430658340454,0.025871493668665282,0.025554569869999103,0.026300704294354854,1.0
ssp585,safety_net,cv_log,Ethiopia,1.5219396501779556,1.424937754869461,1.584440678358078,1.9400118589401245,0.7845001787821174,0.7344995074658662,0.8167170066804109,1.0
ssp585,safety_net,cv_log,Mali,1.5272802114486694,1.444002389907837,1.6265477538108826,8.808526039123535,0.17338658075882088,0.16393235184799634,0.18465606465672968,1.0
ssp585,safety_net,cv_log,Nigeria,1.0235147327184677,0.9856555759906769,1.0563429147005081,8.409066200256348,0.12171562315531137,0.11721343993707999,0.12561952653771544,1.0
ssp585,safety_net,cv_log,Tanzania,11.388895034790039,1.6786702871322632,42.4372444152832,1.578903317451477,7.213168095164284,1.0631875103295247,26.877671321751077,1.0
ssp585,safety_net,cv_log,Uganda,1.7380856424570084,1.6391068696975708,1.796957790851593,3.647430658340454,0.47652328591431553,0.4493867116978582,0.49266400356167195,1.0
ssp585,safety_net,cv_pct,Ethiopia,3.5811075413676905,3.157599044406375,3.876563048325673,1.9400118589401245,1.8459204385091421,1.6276184240087315,1.998216160618489,1.0
ssp585,safety_net,cv_pct,Mali,3.6056338028050527,3.2376225384121,4.0862852655202575,8.808526039123535,0.409334522801027,0.36755553926185014,0.4639011393473556,1.0
ssp585,safety_net,cv_pct,Nigeria,1.7829590070922523,1.6795679691606278,1.8758345624032096,8.409066200256348,0.21202818061271766,0.19973299402844832,0.2230728736974416,1.0
ssp585,safety_net,cv_pct,Tanzania,88334.2959884016,4.358426063719975,2.693153310285304e+18,1.578903317451477,55946.614977656034,2.760413519654232,1.7057113507319424e+18,1.0
ssp585,safety_net,cv_pct,Uganda,4.686447254848586,4.150567329609448,5.031271138038972,3.647430658340454,1.2848626043465003,1.137942765304801,1.3794014497668756,1.0
ssp585,safety_net,ce_rho2.5,Ethiopia,4.132013320922852,4.1169281005859375,4.146068572998047,1.9400118589401245,2.1298907539566643,2.1221149147176424,2.1371356849659384,1.0
ssp585,safety_net,ce_rho2.5,Malawi,3.9320616722106934,3.922962188720703,3.939408302307129,1.392106294631958,2.824541263388399,2.818004777255782,2.829818611910394,1.0
ssp585,safety_net,ce_rho2.5,Mali,19.48587417602539,19.31549072265625,19.7303466796875,8.808526039123535,2.2121605918490617,2.1928175766144613,2.239914668135636,1.0
ssp585,safety_net,ce_rho2.5,Nigeria,21.127769470214844,21.074668884277344,21.18144989013672,8.409066200256348,2.512498887161903,2.506184204333519,2.51888252342347,1.0
ssp585,safety_net,ce_rho2.5,Tanzania,5.964328765869141,5.948882102966309,5.9803314208984375,1.578903317451477,3.7775136070372066,3.767730447592229,3.7876489046532296,1.0
ssp585,safety_net,ce_rho2.5,Uganda,5.970793724060059,5.962162971496582,5.980512619018555,3.647430658340454,1.6369862194382914,1.634619964018537,1.639650806066216,1.0
ssp585,insurance,exp_income,Ethiopia,-3.1761550903320312,-3.2315597534179688,-3.0993080139160156,0.27160167694091797,-11.694165979037553,-11.898158324408785,-11.41122561842729,1.0
ssp585,insurance,exp_income,Malawi,-1.620676040649414,-1.7400321960449219,-1.5293388366699219,0.19489488005638123,-8.315641951089571,-8.928054936802583,-7.846993395760314,1.0
ssp585,insurance,exp_income,Mali,-6.0003509521484375,-6.3216552734375,-5.6253662109375,1.2331937551498413,-4.865700079238039,-5.126246582938118,-4.561623984427314,1.0
ssp585,insurance,exp_income,Nigeria,-10.082496643066406,-10.2679443359375,-9.790435791015625,1.1772692203521729,-8.564308374638632,-8.721831980679752,-8.316225058603738,1.0
ssp585,insurance,exp_income,Tanzania,-2.045482635498047,-2.1851882934570312,-1.9208984375,0.22104644775390625,-9.253632692506816,-9.885652158906568,-8.690021744382701,1.0
ssp585,insurance,exp_income,Uganda,-1.0147666931152344,-1.02423095703125,-1.0062828063964844,0.5106402635574341,-1.9872437908553187,-2.0057779030110696,-1.97062957665363,1.0
ssp585,insurance,p_below_theta,Ethiopia,-0.10813627392053604,-0.1086903065443039,-0.1076032966375351,0.27160167694091797,-0.3981428801857476,-0.40018275206727644,-0.39618053117154445,1.0
ssp585,insurance,p_below_theta,Malawi,-0.17322317883372307,-0.17364999651908875,-0.17289773747324944,0.19489488005638123,-0.8888031270170424,-0.8909931162319578,-0.8871332967968772,1.0
ssp585,insurance,p_below_theta,Mali,-0.2484306152909994,-0.24950051307678223,-0.24754717387259007,1.2331937551498413,-0.20145302735563514,-0.20232061023246606,-0.20073664242851394,1.0
ssp585,insurance,p_below_theta,Nigeria,-0.18946805968880653,-0.189975805580616,-0.1890096366405487,1.1772692203521729,-0.16093859961116486,-0.16136989084262807,-0.16054920435616896,1.0
ssp585,insurance,p_below_theta,Tanzania,-0.2058228189125657,-0.20621612295508385,-0.20542830415070057,0.22104644775390625,-0.9311292762402172,-0.9329085585879526,-0.9293445166755471,1.0
ssp585,insurance,p_below_theta,Uganda,-0.020828425884246826,-0.021025121212005615,-0.020606786012649536,0.5106402635574341,-0.04078884367469029,-0.04117403720876159,-0.04035480059697994,1.0
ssp585,insurance,switch_share,Ethiopia,0.11409929022192955,0.11249328404664993,0.11600859463214874,0.27160167694091797,0.42009788565020456,0.41418479191172597,0.42712768175354204,1.0
ssp585,insurance,switch_share,Malawi,0.05996861681342125,0.05560237914323807,0.06403668224811554,0.19489488005638123,0.3076972406667271,0.28529420130047967,0.328570366905433,1.0
ssp585,insurance,switch_share,Mali,0.1444878727197647,0.1401996910572052,0.14853118360042572,1.2331937551498413,0.11716558903771651,0.11368829145600887,0.12044432027015753,1.0
ssp585,insurance,switch_share,Nigeria,0.15974625945091248,0.15697793662548065,0.16276460886001587,1.1772692203521729,0.13569220760152495,0.13334072947097153,0.13825606415780228,1.0
ssp585,insurance,switch_share,Tanzania,0.09817001596093178,0.09479823708534241,0.10130928456783295,0.22104644775390625,0.4441148770245142,0.4288611649207883,0.45831672753511893,1.0
ssp585,insurance,switch_share,Uganda,0.061949677765369415,0.06113410368561745,0.0627884566783905,0.5106402635574341,0.12131765194892755,0.11972049219095982,0.12296025433045077,1.0
ssp585,insurance,cv_log,Ethiopia,0.7511862069368362,0.6888031959533691,0.7863092720508575,0.27160167694091797,2.7657642448954514,2.5360785828402888,2.895082537439211,1.0
ssp585,insurance,cv_log,Mali,0.9558696150779724,0.8948761820793152,1.0216624438762665,1.2331937551498413,0.7751171388001619,0.7256574065042859,0.8284687135413913,1.0
ssp585,insurance,cv_log,Nigeria,0.5895244255661964,0.5638173371553421,0.6117206066846848,1.1772692203521729,0.5007558299960002,0.47891962807511407,0.519609785178697,1.0
ssp585,insurance,cv_log,Tanzania,-10.193090438842773,-40.43044662475586,-1.2240595817565918,0.22104644775390625,-46.11288958685673,-182.9047561522797,-5.537567304041694,1.0
ssp585,insurance,cv_log,Uganda,1.0547120347619057,0.9889710396528244,1.0922392308712006,0.5106402635574341,2.065469783785033,1.9367274972855528,2.138960259933266,1.0
ssp585,insurance,cv_pct,Ethiopia,1.1195130575153356,0.9895862641372868,1.1933689966584313,0.27160167694091797,4.121893024095229,3.6435204498113367,4.39382042887028,1.0
ssp585,insurance,cv_pct,Mali,1.6009315278716203,1.4470327841927708,1.7778088789082345,1.2331937551498413,1.2981995093521184,1.1734026207560113,1.44162980998247,1.0
ssp585,insurance,cv_pct,Nigeria,0.80313069094615,0.7573681791793885,0.8436007831991823,1.1772692203521729,0.6821979858658824,0.6433262384561677,0.7165742284053127,1.0
ssp585,insurance,cv_pct,Tanzania,-0.9999625719613853,-1.0,-0.8035176829522417,0.22104644775390625,-4.523766756363604,-4.5239360784178375,-3.6350626355543514,1.0
ssp585,insurance,cv_pct,Uganda,1.8711483114923573,1.6884667229886325,1.9809416211901105,0.5106402635574341,3.664318004335944,3.306567937329765,3.8793290748161007,1.0
ssp585,insurance,ce_rho2.5,Ethiopia,1.2497215270996094,1.2395057678222656,1.2582263946533203,0.27160167694091797,4.601302691409611,4.56368967151811,4.632616443406661,1.0
ssp585,insurance,ce_rho2.5,Malawi,1.7678685188293457,1.7633533477783203,1.773085594177246,0.19489488005638123,9.070882304952896,9.047715092711512,9.097650967866931,1.0
ssp585,insurance,ce_rho2.5,Mali,6.345363616943359,6.20404052734375,6.525566101074219,1.2331937551498413,5.145471739898938,5.030872481664423,5.291598399540483,1.0
ssp585,insurance,ce_rho2.5,Nigeria,7.842058181762695,7.801959991455078,7.882965087890625,1.1772692203521729,6.661227564767889,6.62716722443586,6.695974847225246,1.0
ssp585,insurance,ce_rho2.5,Tanzania,3.203835964202881,3.1919965744018555,3.2165565490722656,0.22104644775390625,14.493949107790012,14.4403884651227,14.551496220619198,1.0
ssp585,insurance,ce_rho2.5,Uganda,0.7261519432067871,0.7205839157104492,0.7331438064575195,0.5106402635574341,1.4220420813430694,1.4111380694707043,1.4357344275008574,1.0
ssp585,both,exp_income,Ethiopia,-3.4453067779541016,-3.529712677001953,-3.3727798461914062,0.9719924926757812,-3.544581675183083,-3.6314196905832765,-3.469964913933172,1.0
ssp585,both,exp_income,Malawi,-1.3656120300292969,-1.5152626037597656,-1.2546310424804688,0.6423821449279785,-2.125856144682235,-2.358818058259778,-1.953091399545567,1.0
ssp585,both,exp_income,Mali,-3.5278549194335938,-3.8813018798828125,-3.12078857421875,3.9380764961242676,-0.8958319938441011,-0.985583160637603,-0.7924651990102612,1.0
ssp585,both,exp_income,Nigeria,-8.921043395996094,-9.150634765625,-8.567962646484375,4.022350311279297,-2.217868337071512,-2.274947246629712,-2.1300886256620846,1.0
ssp585,both,exp_income,Tanzania,-2.023223876953125,-2.1618804931640625,-1.8506698608398438,0.6917673349380493,-2.924717278150049,-3.125155502402651,-2.6752778967303783,1.0
ssp585,both,exp_income,Uganda,0.42491722106933594,0.4050178527832031,0.44068145751953125,2.1309547424316406,0.19940227382983333,0.19006403313898432,0.20680000787659522,1.0
ssp585,both,p_below_theta,Ethiopia,-0.2704509198665619,-0.27092230319976807,-0.2698820233345032,0.9719924926757812,-0.27824383614532067,-0.27872880216795787,-0.27765854712678867,1.0
ssp585,both,p_below_theta,Malawi,-0.22835488617420197,-0.22891268134117126,-0.22786279022693634,0.6423821449279785,-0.35548137191734097,-0.35634969487957374,-0.3547153233103692,1.0
ssp585,both,p_below_theta,Mali,-0.27551238238811493,-0.27668043971061707,-0.27460217475891113,3.9380764961242676,-0.06996115556903622,-0.07025776162116641,-0.06973002556683855,1.0
ssp585,both,p_below_theta,Nigeria,-0.2664474844932556,-0.26687926054000854,-0.2660117447376251,4.022350311279297,-0.06624174024477564,-0.06634908446229497,-0.066133410606154,1.0
ssp585,both,p_below_theta,Tanzania,-0.22486673295497894,-0.22532016038894653,-0.22443346679210663,0.6917673349380493,-0.32506121870457605,-0.3257166810415021,-0.32443490095149635,1.0
ssp585,both,p_below_theta,Uganda,-0.3369513303041458,-0.3371122181415558,-0.33677881956100464,2.1309547424316406,-0.15812223675836934,-0.1581977371123686,-0.15804128208593723,1.0
ssp585,both,switch_share,Ethiopia,0.13766641914844513,0.13593284785747528,0.14000868797302246,0.9719924926757812,0.14163321238157472,0.13984968904777043,0.1440429725826328,1.0
ssp585,both,switch_share,Malawi,0.07290273904800415,0.06766519695520401,0.07812052965164185,0.6423821449279785,0.11348811548331209,0.1053348034179723,0.12161068029124693,1.0
ssp585,both,switch_share,Mali,0.16781815141439438,0.16309475898742676,0.17215785384178162,3.9380764961242676,0.042614243674432374,0.041414827555518424,0.04371622897910034,1.0
ssp585,both,switch_share,Nigeria,0.18365102261304855,0.18050771951675415,0.18682467937469482,4.022350311279297,0.045657640036488735,0.04487618072711926,0.046446645596931055,1.0
ssp585,both,switch_share,Tanzania,0.11208558827638626,0.1081157997250557,0.11548773944377899,0.6917673349380493,0.16202787066611637,0.15628925256312937,0.16694592764216223,1.0
ssp585,both,switch_share,Uganda,0.07888109982013702,0.07788458466529846,0.08004727214574814,2.1309547424316406,0.037016787944602475,0.0365491500661455,0.03756404139038912,1.0
ssp585,both,cv_log,Ethiopia,1.1858764439821243,1.1029577553272247,1.2371888160705566,0.9719924926757812,1.2200469169443333,1.1347389652063171,1.2728378309432422,1.0
ssp585,both,cv_log,Mali,1.2326006889343262,1.1611876487731934,1.3170015811920166,3.9380764961242676,0.3129956185836952,0.29486162849198033,0.3344276279265191,1.0
ssp585,both,cv_log,Nigeria,0.8074111789464951,0.7749593555927277,0.834748163819313,4.022350311279297,0.20073119357167585,0.192663317617966,0.20752746509386544,1.0
ssp585,both,cv_log,Tanzania,-0.4549221992492676,-2.976071357727051,3.6710591316223145,0.6917673349380493,-0.6576231288660194,-4.302127619242921,5.306782998001884,1.0
ssp585,both,cv_log,Uganda,1.46636912971735,1.3783405870199203,1.515442579984665,2.1309547424316406,0.6881277675771146,0.6468183296314828,0.7111566237466815,1.0
ssp585,both,cv_pct,Ethiopia,2.273554738014835,2.0130647656705816,2.4459127413715533,0.9719924926757812,2.3390661503526697,2.07107028175583,2.5163905686537174,1.0
ssp585,both,cv_pct,Mali,2.4301386704519485,2.1937240470647894,2.7322138430345753,3.9380764961242676,0.617087726163678,0.5570547065867777,0.6937939996146685,1.0
ssp585,both,cv_pct,Nigeria,1.2420960861299832,1.1705039065458531,1.3042336858011017,4.022350311279297,0.3087985854058888,0.2909999915381755,0.32424666796022894,1.0
ssp585,both,cv_pct,Tanzania,-0.36550266960337197,-0.9490072267728609,38.293500818416696,0.6917673349380493,-0.5283606946201128,-1.3718589746042988,55.35604080213767,1.0
ssp585,both,cv_pct,Uganda,3.3334725295672274,2.9683110938604087,3.5514350552075173,2.1309547424316406,1.5643093976568405,1.392948913815625,1.6665933745523667,1.0
ssp585,both,ce_rho2.5,Ethiopia,2.4628190994262695,2.4505958557128906,2.474069595336914,0.9719924926757812,2.5337840754782146,2.5212086247360697,2.545358749146396,1.0
ssp585,both,ce_rho2.5,Malawi,2.6388907432556152,2.6326446533203125,2.6451234817504883,0.6423821449279785,4.107976481120094,4.098253156795749,4.1176790211799075,1.0
ssp585,both,ce_rho2.5,Mali,11.027725219726562,10.84625244140625,11.201927185058594,3.9380764961242676,2.800282125189723,2.7542005474197353,2.8445174175979524,1.0
ssp585,both,ce_rho2.5,Nigeria,12.951709747314453,12.904647827148438,12.99575424194336,4.022350311279297,3.2199357949992176,3.2082356902037583,3.2308857350144864,1.0
ssp585,both,ce_rho2.5,Tanzania,4.258591175079346,4.245353698730469,4.273638725280762,0.6917673349380493,6.156103302363533,6.1369675674418165,6.177855630699134,1.0
ssp585,both,ce_rho2.5,Uganda,3.3110203742980957,3.304178237915039,3.318979263305664,2.1309547424316406,1.5537732023909046,1.5505623709983762,1.5575080958868062,1.0
