country,action,pred_median,pred_lo,pred_hi,obs_share,label,abs_diff
Ethiopia,0,0.04266978241503239,0.04158579558134079,0.043859850615262985,0.04271104872668939,maize_low,4.1266311657003896e-05
Ethiopia,1,0.04271620325744152,0.041351016610860825,0.04384409263730049,0.04272537168065542,maize_medium,9.168423213898325e-06
Ethiopia,2,0.04271216690540314,0.041624173521995544,0.04385770857334137,0.04271104872668939,maize_high,1.1181787137465315e-06
Ethiopia,3,0.14611420780420303,0.14412999153137207,0.14813686907291412,0.1461943911312269,tree_crops_low,8.018332702386388e-05
Ethiopia,4,0.1639767438173294,0.16177134215831757,0.1661657989025116,0.16392620814116704,tree_crops_medium,5.053567616236654e-05
Ethiopia,5,0.02314429171383381,0.022227132692933083,0.02393878623843193,0.02314589360909794,tree_crops_high,1.6018952641305706e-06
Ethiopia,6,0.029648855328559875,0.02849327027797699,0.030613571405410767,0.02961986880174167,tubers_low,2.898652681820532e-05
Ethiopia,7,0.03281142935156822,0.03183738887310028,0.03394879773259163,0.03285685639806354,tubers_medium,4.5427046495315204e-05
Ethiopia,8,0.0027021339628845453,0.0023679323494434357,0.002973466645926237,0.0027070382995789052,tubers_high,4.904336694359912e-06
Ethiopia,9,0.03699095360934734,0.03595239669084549,0.03798826411366463,0.03695322123234696,legumes_low,3.773237700038096e-05
Ethiopia,10,0.041689034551382065,0.04033687710762024,0.04270048812031746,0.04173708785699963,legumes_medium,4.805330561756527e-05
Ethiopia,11,0.0095402542501688,0.008862663060426712,0.0101084616035223,0.009596379157237388,legumes_high,5.6124907068588054e-05
Ethiopia,12,0.038264598697423935,0.03694910928606987,0.039314500987529755,0.038127703457561085,sorghum_millet_low,0.0001368952398628498
Ethiopia,13,0.03809964656829834,0.03710651025176048,0.039279986172914505,0.03815634936549314,sorghum_millet_medium,5.670279719480198e-05
Ethiopia,14,0.038029056042432785,0.037027616053819656,0.03930830582976341,0.038113380503595064,sorghum_millet_high,8.432446116227871e-05
Ethiopia,15,0.02630071621388197,0.02541194297373295,0.027455715462565422,0.026368558251453778,teff_low,6.784203757180876e-05
Ethiopia,16,0.026316992938518524,0.025563407689332962,0.027416275814175606,0.026354235297487753,teff_medium,3.724235896922917e-05
Ethiopia,17,0.026302771642804146,0.025305472314357758,0.027134058997035027,0.026368558251453778,teff_high,6.57866086496324e-05
Ethiopia,18,0.04264388792216778,0.04142720252275467,0.043888259679079056,0.04255349623306311,other_low,9.039168910467132e-05
Ethiopia,19,0.04839299991726875,0.047348104417324066,0.049792613834142685,0.0484545532670658,other_medium,6.155334979704441e-05
Ethiopia,20,0.0044034807942807674,0.003967874217778444,0.004760693293064833,0.004411469821535993,other_high,7.989027255225767e-06
Ethiopia,21,0.0008060565742198378,0.000637166784144938,0.0009217358310706913,0.0007877624681314274,rice_low,1.829410608841038e-05
Ethiopia,22,0.0007669167825952172,0.0006244084215722978,0.0009366624872200191,0.0007734395141654015,rice_medium,6.522731570184222e-06
Ethiopia,23,0.0007950779690872878,0.0006288029835559428,0.0009578971075825393,0.0007877624681314274,rice_high,7.315500955860379e-06
Ethiopia,24,0.0312640480697155,0.030340973287820816,0.032382890582084656,0.031281331461800684,wheat_barley_low,1.7283392085183646e-05
Ethiopia,25,0.03126898594200611,0.030248722061514854,0.03223477303981781,0.031295654415766705,wheat_barley_medium,2.666847376059378e-05
Ethiopia,26,0.031226178631186485,0.03021273948252201,0.03237774223089218,0.031281331461800684,wheat_barley_high,5.5152830614198234e-05
Malawi,0,0.2148679792881012,0.21032103896141052,0.22057172656059265,0.21528494438711157,maize_low,0.0004169650990103746
Malawi,1,0.2153380662202835,0.2095738649368286,0.2193693369626999,0.21539961013645223,maize_medium,6.154391616872146e-05
Malawi,2,0.21532313525676727,0.21009209752082825,0.21992653608322144,0.21528494438711157,maize_high,3.8190869655702064e-05
Malawi,3,0.07890075817704201,0.07588690519332886,0.08225775510072708,0.0788900355463823,tree_crops_low,1.0722630659709687e-05
Malawi,4,0.0,0.0,0.0,0.0,tree_crops_medium,0.0
Malawi,5,0.0,0.0,0.0,0.0,tree_crops_high,0.0
Malawi,6,0.008470604196190834,0.007190278265625238,0.00966151338070631,0.008427932576539388,tubers_low,4.267161965144581e-05
Malawi,7,0.009296270553022623,0.008267316035926342,0.010527878999710083,0.009287925696594427,tubers_medium,8.344856428196129e-06
Malawi,8,0.0015332061448134482,0.0011633442481979728,0.0021858224645256996,0.0015479876160990713,tubers_high,1.478147128562311e-05
Malawi,9,0.06655895337462425,0.0639764666557312,0.06974728405475616,0.06667813324160074,legumes_low,0.00011917986697648764
Malawi,10,0.08372091501951218,0.08117374032735825,0.0875672921538353,0.0841646600160532,legumes_medium,0.00044374499654102617
Malawi,11,0.02087285742163658,0.018990032374858856,0.022396868094801903,0.02081183350533196,legumes_high,6.102391630462278e-05
Malawi,12,0.005107914097607136,0.0043347785249352455,0.006034203805029392,0.005102625845659901,sorghum_millet_low,5.2882519472347705e-06
Malawi,13,0.005114879691973329,0.004289385862648487,0.005864091217517853,0.005159958720330237,sorghum_millet_medium,4.507902835690879e-05
Malawi,14,0.005110325990244746,0.004383361432701349,0.005990802776068449,0.005102625845659901,sorghum_millet_high,7.700144584845206e-06
Malawi,15,0.0,0.0,0.0,0.0,teff_low,0.0
Malawi,16,0.0,0.0,0.0,0.0,teff_medium,0.0
Malawi,17,0.0,0.0,0.0,0.0,teff_high,0.0
Malawi,18,0.012620786670595407,0.010971158742904663,0.013657965697348118,0.012555899552803578,other_low,6.488711779182969e-05
Malawi,19,0.028980002738535404,0.026927869766950607,0.03088061325252056,0.02889576883384933,other_medium,8.423390468607558e-05
Malawi,20,0.025845528580248356,0.024229006841778755,0.027753274887800217,0.025742460726980852,other_high,0.00010306785326750362
Malawi,21,0.0,0.0,0.0,0.0,rice_low,0.0
Malawi,22,0.0016708573675714433,0.0011893522460013628,0.0022319520357996225,0.0016626533654397432,rice_medium,8.204002131700135e-06
Malawi,23,0.0,0.0,0.0,0.0,rice_high,0.0
Malawi,24,0.0,0.0,0.0,0.0,wheat_barley_low,0.0
Malawi,25,0.0,0.0,0.0,0.0,wheat_barley_medium,0.0
Malawi,26,0.0,0.0,0.0,0.0,wheat_barley_high,0.0
Mali,0,0.05067209340631962,0.04764559119939804,0.053002119064331055,0.0508184866215239,maize_low,0.00014639321520427961
Mali,1,0.05069139413535595,0.04754646494984627,0.05323585867881775,0.0508184866215239,maize_medium,0.00012709248616794844
Mali,2,0.05091060884296894,0.047608014196157455,0.05294888839125633,0.0508184866215239,maize_high,9.21222214450429e-05
Mali,3,0.08596645295619965,0.08264145255088806,0.09001724421977997,0.08631911116954835,tree_crops_low,0.0003526582133487055
Mali,4,0.0927625298500061,0.08963864296674728,0.09693141281604767,0.09217014003024128,tree_crops_medium,0.0005923898197648242
Mali,5,0.005844394909217954,0.004939364735037088,0.006680502090603113,0.005785286963381763,tree_crops_high,5.91079458361907e-05
Mali,6,0.0019922060891985893,0.0014457537326961756,0.0025240641552954912,0.0020379988166458482,tubers_low,4.579272744725891e-05
Mali,7,0.003153301542624831,0.0025923396460711956,0.003917915280908346,0.00328709486555782,tubers_medium,0.00013379332293298862
Mali,8,0.0009354845678899437,0.0005312935099937022,0.0012779782991856337,0.0009203865623561896,tubers_high,1.5098005533754075e-05
Mali,9,0.023017275147140026,0.02087206020951271,0.025001462548971176,0.022943922161593584,legumes_low,7.335298554644182e-05
Mali,10,0.02445930242538452,0.0220610573887825,0.025966333225369453,0.024324502005127868,legumes_medium,0.00013480042025665329
Mali,11,0.003244358696974814,0.002597251208499074,0.00393974594771862,0.00328709486555782,legumes_high,4.273616858300588e-05
Mali,12,0.14466838538646698,0.14013779163360596,0.14826714992523193,0.1447636578791664,sorghum_millet_low,9.52724926994164e-05
Mali,13,0.14438112080097198,0.14001323282718658,0.14788901805877686,0.14482939977647755,sorghum_millet_medium,0.0004482789755055616
Mali,14,0.1450265422463417,0.13934294879436493,0.14901874959468842,0.1447636578791664,sorghum_millet_high,0.00026288436717530894
Mali,15,0.0,0.0,0.0,0.0,teff_low,0.0
Mali,16,0.0,0.0,0.0,0.0,teff_medium,0.0
Mali,17,0.0,0.0,0.0,0.0,teff_high,0.0
Mali,18,0.01667792536318302,0.015016292221844196,0.0183502659201622,0.016698441917033725,other_low,2.0516553850703084e-05
Mali,19,0.02690486330538988,0.024641383439302444,0.028781216591596603,0.026954177897574125,other_medium,4.9314592184244305e-05
Mali,20,0.015364019200205803,0.013506349176168442,0.016849471256136894,0.015383603970810598,other_high,1.9584770604794827e-05
Mali,21,0.03745982050895691,0.034881871193647385,0.039617717266082764,0.037670107159292615,rice_low,0.00021028665033570593
Mali,22,0.03780665621161461,0.035689570009708405,0.04041976481676102,0.03773584905660377,rice_medium,7.080715501083662e-05
Mali,23,0.037760037928819656,0.03571480140089989,0.03973160684108734,0.037670107159292615,rice_high,8.993076952704127e-05
Mali,24,0.0,0.0,0.0,0.0,wheat_barley_low,0.0
Mali,25,0.0,0.0,0.0,0.0,wheat_barley_medium,0.0
Mali,26,0.0,0.0,0.0,0.0,wheat_barley_high,0.0
Nigeria,0,0.05418297089636326,0.05249425396323204,0.0560310073196888,0.05412558259362484,maize_low,5.7388302738416164e-05
Nigeria,1,0.05405960604548454,0.05237490311264992,0.055716440081596375,0.05410216174438485,maize_medium,4.255569890030536e-05
Nigeria,2,0.05427856557071209,0.05245783552527428,0.055810414254665375,0.05412558259362484,maize_high,0.00015298297708724734
Nigeria,3,0.02210555039346218,0.021157575771212578,0.023227399215102196,0.022062439984073822,tree_crops_low,4.3110409388359e-05
Nigeria,4,0.02175511885434389,0.020727574825286865,0.0231306292116642,0.02182823149167389,tree_crops_medium,7.311263732999798e-05
Nigeria,5,0.002853280631825328,0.0023557038512080908,0.0032034071628004313,0.0028573436072792,tree_crops_high,4.062975453872179e-06
Nigeria,6,0.12221189588308334,0.11939563602209091,0.12441356480121613,0.12218657048504579,tubers_low,2.532539803755396e-05
Nigeria,7,0.1507585197687149,0.14778302609920502,0.15321138501167297,0.15064290231163782,tubers_medium,0.00011561745707708293
Nigeria,8,0.0344014260917902,0.03324197977781296,0.035596299916505814,0.03431154413659039,tubers_high,8.988195519980813e-05
Nigeria,9,0.04009158909320831,0.03858542442321777,0.04141495004296303,0.040260439843548726,legumes_low,0.00016885075034041297
Nigeria,10,0.06408824771642685,0.06259648501873016,0.06605491787195206,0.064290231163782,legumes_medium,0.00020198344735515572
Nigeria,11,0.028029274195432663,0.02662120945751667,0.029278403148055077,0.02808159823875214,legumes_high,5.2324043319475905e-05
Nigeria,12,0.08431616052985191,0.08216799795627594,0.0859517753124237,0.08426821556549641,sorghum_millet_low,4.7944964355506325e-05
Nigeria,13,0.08408348262310028,0.08201265335083008,0.08602402359247208,0.08415111131929644,sorghum_millet_medium,6.762869619615641e-05
Nigeria,14,0.0840405561029911,0.08205908536911011,0.08637634664773941,0.08417453216853643,sorghum_millet_high,0.00013397606554532704
Nigeria,15,0.0,0.0,0.0,0.0,teff_low,0.0
Nigeria,16,0.0,0.0,0.0,0.0,teff_medium,0.0
Nigeria,17,0.0,0.0,0.0,0.0,teff_high,0.0
Nigeria,18,0.013976057060062885,0.013109284453094006,0.014953517355024815,0.013958826147036092,other_low,1.7230913026793082e-05
Nigeria,19,0.028712136670947075,0.02774524874985218,0.030245879665017128,0.028667119469751975,other_medium,4.501720119510014e-05
Nigeria,20,0.010284793097525835,0.009585517458617687,0.011048252694308758,0.01028175281635712,other_high,3.04028116871434e-06
Nigeria,21,0.01517358236014843,0.014164507389068604,0.016060637310147285,0.015153289458275756,rice_low,2.0292901872673644e-05
Nigeria,22,0.015240678563714027,0.014277082867920399,0.016093140468001366,0.01517671030751575,rice_medium,6.396825619827719e-05
Nigeria,23,0.015203151386231184,0.014215279370546341,0.016005445271730423,0.015129868609035764,rice_high,7.328277719542003e-05
Nigeria,24,0.0,0.0,0.0,0.0,wheat_barley_low,0.0
Nigeria,25,0.00016407448129029945,7.964365795487538e-05,0.0002618728904053569,0.00016394594467995408,wheat_barley_medium,1.285366103453609e-07
Nigeria,26,0.0,0.0,0.0,0.0,wheat_barley_high,0.0
Tanzania,0,0.09644030779600143,0.09290200471878052,0.10071355849504471,0.09692770662747568,maize_low,0.00048739883147425056
Tanzania,1,0.09681288152933121,0.0929793193936348,0.10021881014108658,0.09671775491636923,maize_medium,9.512661296197378e-05
Tanzania,2,0.09693644940853119,0.09310924261808395,0.10099867731332779,0.09685772272377353,maize_high,7.872668475765454e-05
Tanzania,3,0.02493408415466547,0.022846801206469536,0.02651672251522541,0.024914269717964867,tree_crops_low,1.9814436700602706e-05
Tanzania,4,0.026358437724411488,0.024490417912602425,0.028370387852191925,0.026383931695709986,tree_crops_medium,2.5493971298497925e-05
Tanzania,5,0.001705577946268022,0.001169239985756576,0.0022698144894093275,0.001679613688851564,tree_crops_high,2.5964257416458006e-05
Tanzania,6,0.04913630336523056,0.046517085283994675,0.05205094814300537,0.049408636013716846,tubers_low,0.00027233264848628563
Tanzania,7,0.051404692232608795,0.04872734099626541,0.053588852286338806,0.051368185317377,tubers_medium,3.650691523179178e-05
Tanzania,8,0.0032562249107286334,0.0024840140249580145,0.003990708384662867,0.003219259570298831,tubers_high,3.696534042980232e-05
Tanzania,9,0.041939470916986465,0.03987666219472885,0.04474969953298569,0.041990342221289105,legumes_low,5.0871304302639586e-05
Tanzania,10,0.04768058471381664,0.04459865763783455,0.050239864736795425,0.04772902232486528,legumes_medium,4.843761104864064e-05
Tanzania,11,0.0027035659877583385,0.001982961781322956,0.0033716605976223946,0.0027293722443837917,legumes_high,2.5806256625453272e-05
Tanzania,12,0.0084914262406528,0.00749382795765996,0.009612224996089935,0.008538036251662117,sorghum_millet_low,4.661001100931747e-05
Tanzania,13,0.008437410928308964,0.007250890135765076,0.009583262726664543,0.008468052347959968,sorghum_millet_medium,3.064141965100457e-05
Tanzania,14,0.008416234981268644,0.007311884313821793,0.00966193899512291,0.008538036251662117,sorghum_millet_high,0.00012180127039347274
Tanzania,15,0.0,0.0,0.0,0.0,teff_low,0.0
Tanzania,16,0.0,0.0,0.0,0.0,teff_medium,0.0
Tanzania,17,0.0,0.0,0.0,0.0,teff_high,0.0
Tanzania,18,0.1761907935142517,0.17127947509288788,0.1811864674091339,0.1762894534257121,other_low,9.865991146038033e-05
Tanzania,19,0.187316432595253,0.18290671706199646,0.19263692200183868,0.1874168941143537,other_medium,0.000100461519100703
Tanzania,20,0.014099122025072575,0.012920215725898743,0.015421915799379349,0.01406676464413185,other_high,3.2357380940725364e-05
Tanzania,21,0.01840835250914097,0.016712132841348648,0.020538002252578735,0.018545734481069356,rice_low,0.00013738197192838739
Tanzania,22,0.01847320795059204,0.016563469544053078,0.01995720900595188,0.018475750577367205,rice_medium,2.5426267751642306e-06
Tanzania,23,0.01823318377137184,0.01681056246161461,0.020278874784708023,0.018405766673665058,rice_high,0.00017258290229321682
Tanzania,24,0.0,0.0,0.0,0.0,wheat_barley_low,0.0
Tanzania,25,0.0013386090286076069,0.0008884664857760072,0.0018483481835573912,0.0013296941703408217,wheat_barley_medium,8.914858266785173e-06
Tanzania,26,0.0,0.0,0.0,0.0,wheat_barley_high,0.0
Uganda,0,0.041496604681015015,0.04037259519100189,0.042645782232284546,0.041540133618898446,maize_low,4.352893788343165e-05
Uganda,1,0.04117942415177822,0.04017595574259758,0.042408399283885956,0.04130038679154813,maize_medium,0.00012096263976990596
Uganda,2,0.041254300624132156,0.04012090340256691,0.042505085468292236,0.041332353035194835,maize_high,7.805241106267902e-05
Uganda,3,0.17464187741279602,0.17288503050804138,0.17761185765266418,0.17479142026020522,tree_crops_low,0.00014954284740920087
Uganda,4,0.1806710660457611,0.17816820740699768,0.1826314479112625,0.18057731036025956,tree_crops_medium,9.375568550154534e-05
Uganda,5,0.003193675773218274,0.002831237157806754,0.003497729543596506,0.003180641242847553,tree_crops_high,1.3034530370721175e-05
Uganda,6,0.09047378599643707,0.08903932571411133,0.09249027818441391,0.09046446952018668,tubers_low,9.316476250395556e-06
Uganda,7,0.09144643694162369,0.08982066065073013,0.09283985197544098,0.09147140619505802,tubers_medium,2.4969253434328764e-05
Uganda,8,0.0018177246092818677,0.0015838128747418523,0.0021057503763586283,0.0018220758878624173,tubers_high,4.351278580549565e-06
Uganda,9,0.10938309133052826,0.10763158649206161,0.111396923661232,0.10948438448997859,legumes_low,0.00010129315945033024
Uganda,10,0.11237823218107224,0.11065502464771271,0.11450454592704773,0.11247322827094589,legumes_medium,9.499608987365016e-05
Uganda,11,0.0021478820126503706,0.0018283049575984478,0.002468189923092723,0.0021577214461528625,legumes_high,9.839433502491918e-06
Uganda,12,0.01632312685251236,0.015529424883425236,0.017128145322203636,0.01627081801617492,sorghum_millet_low,5.2308836337441184e-05
Uganda,13,0.01618602965027094,0.015506460331380367,0.017109688371419907,0.016254834894351564,sorghum_millet_medium,6.880524408062541e-05
Uganda,14,0.016301301307976246,0.015635846182703972,0.017098117619752884,0.016254834894351564,sorghum_millet_high,4.6466413624681596e-05
Uganda,15,0.0,0.0,0.0,0.0,teff_low,0.0
Uganda,16,0.0,0.0,0.0,0.0,teff_medium,0.0
Uganda,17,0.0,0.0,0.0,0.0,teff_high,0.0
Uganda,18,0.024397123605012894,0.023327386006712914,0.025265971198678017,0.02434229453696896,other_low,5.4829068043934365e-05
Uganda,19,0.02377597615122795,0.022968055680394173,0.024908797815442085,0.023798868394974908,other_medium,2.2892243746956698e-05
Uganda,20,0.003797092125751078,0.0034369335044175386,0.0041892691515386105,0.0037560336284883163,other_high,4.105849726276185e-05
Uganda,21,0.0029055343475192785,0.0025396766141057014,0.003273818176239729,0.0029249112936738804,rice_low,1.9376946154601917e-05
Uganda,22,0.0029285772470757365,0.0026329257525503635,0.0032423532102257013,0.002940894415497235,rice_medium,1.2317168421498506e-05
Uganda,23,0.002860845415852964,0.0025410831440240145,0.0031933796126395464,0.002860978806380462,rice_high,1.3339052749817767e-07
Uganda,24,0.0,0.0,0.0,0.0,wheat_barley_low,0.0
Uganda,25,0.0,0.0,0.0,0.0,wheat_barley_medium,0.0
Uganda,26,0.0,0.0,0.0,0.0,wheat_barley_high,0.0
